{
  "bids_meta": {
    "modality": "T1w",
    "subject_id": "18"
  },
  "cjv": 0.3994855766168701,
  "cnr": 3.3357733271907293,
  "efc": 0.4640358708139637,
  "fber": 5241.34912109375,
  "fwhm_avg": 3.9501813012802898,
  "fwhm_x": 3.8096159038408697,
  "fwhm_y": 3.933024,
  "fwhm_z": 4.107904,
  "icvs_csf": 0.1867465242475824,
  "icvs_gm": 0.42787981042128903,
  "icvs_wm": 0.38537366533112855,
  "inu_med": 0.9336835741996765,
  "inu_range": 0.25946984887123115,
  "provenance": {
    "md5sum": "aa82f258f2cc788a236d781da137e5f2",
    "settings": {
      "testing": false
    },
    "software": "mriqc",
    "version": "0.10.0",
    "warnings": {
      "large_rot_frame": true,
      "small_air_mask": false
    }
  },
  "qi_1": 0.0,
  "qi_2": 0.04195744970474225,
  "rpve_csf": 32.53900473107764,
  "rpve_gm": 15.28180126224071,
  "rpve_wm": 19.635366916643765,
  "size_x": 192,
  "size_y": 256,
  "size_z": 256,
  "snr_csf": 3.756414300518297,
  "snr_gm": 14.124799980234808,
  "snr_total": 13.823223206155452,
  "snr_wm": 23.58845533771325,
  "snrd_csf": 46.75635274908712,
  "snrd_gm": 79.90363011652387,
  "snrd_total": 76.8960791243399,
  "snrd_wm": 104.0282545074087,
  "spacing_x": 0.9999984502792358,
  "spacing_y": 0.9375,
  "spacing_z": 0.9375,
  "summary_bg_k": 5.326964167911278,
  "summary_bg_mad": 6.297793388366699,
  "summary_bg_mean": 10.106438636779785,
  "summary_bg_median": 7.598233222961426,
  "summary_bg_n": 4670238.0,
  "summary_bg_p05": 0.0,
  "summary_bg_p95": 27.015986061096193,
  "summary_bg_stdv": 8.883784294128418,
  "summary_csf_k": -0.7659946703821032,
  "summary_csf_mad": 144.80880737304688,
  "summary_csf_mean": 457.9630126953125,
  "summary_csf_median": 449.46649169921875,
  "summary_csf_n": 24445.0,
  "summary_csf_p05": 284.938525390625,
  "summary_csf_p95": 653.1427368164061,
  "summary_csf_stdv": 119.65061950683594,
  "summary_gm_k": 0.20398594194702468,
  "summary_gm_mad": 52.61450958251953,
  "summary_gm_mean": 768.0840454101562,
  "summary_gm_median": 768.109619140625,
  "summary_gm_n": 22462.0,
  "summary_gm_p05": 677.6953430175781,
  "summary_gm_p95": 857.1842102050781,
  "summary_gm_stdv": 54.37900161743164,
  "summary_wm_k": 0.5081153161517569,
  "summary_wm_mad": 40.02971649169922,
  "summary_wm_mean": 999.9732055664062,
  "summary_wm_median": 1000.0184326171875,
  "summary_wm_n": 215092.0,
  "summary_wm_p05": 930.2419952392578,
  "summary_wm_p95": 1069.388525390625,
  "summary_wm_stdv": 42.39430236816406,
  "tpm_overlap_csf": 0.23968912661075592,
  "tpm_overlap_gm": 0.5188185572624207,
  "tpm_overlap_wm": 0.5699750185012817,
  "wm2max": 0.49057026620398253
}