{
  "aor": 0.0010913846153846154,
  "aqi": 0.02333483076923077,
  "bids_meta": {
    "EchoTime": 0.03,
    "EffectiveEchoSpacing": 0.000370002,
    "FlipAngle": 90,
    "ImageType": [
      "ORIGINAL",
      "PRIMARY",
      "M",
      "ND",
      "NORM",
      "MOS"
    ],
    "MagneticFieldStrength": 3,
    "Manufacturer": "Siemens",
    "ManufacturersModelName": "TrioTim",
    "PhaseEncodingDirection": "j-",
    "PulseSequenceType": "Gradient Echo EPI",
    "RepetitionTime": 2.5,
    "SliceTiming": [
      0,
      1.2875,
      0.065,
      1.35,
      0.1275,
      1.415,
      0.1925,
      1.48,
      0.2575,
      1.545,
      0.3225,
      1.6075,
      0.385,
      1.6725,
      0.45,
      1.7375,
      0.515,
      1.8025,
      0.58,
      1.865,
      0.6425,
      1.93,
      0.7075,
      1.995,
      0.7725,
      2.06,
      0.8375,
      2.1225,
      0.9,
      2.1875,
      0.965,
      2.2525,
      1.03,
      2.315,
      1.0925,
      2.38,
      1.1575,
      2.445,
      1.2225
    ],
    "TaskName": "Experimental Run 2",
    "modality": "bold",
    "subject_id": "01",
    "task_id": "run2"
  },
  "dummy_trs": 0,
  "dvars_nstd": 51.70832484455599,
  "dvars_std": 1.0815497337065636,
  "dvars_vstd": 1.013879412509653,
  "efc": 0.6088938203650281,
  "fber": 459.951416015625,
  "fd_mean": 0.07732031958985205,
  "fd_num": 5,
  "fd_perc": 1.9230769230769231,
  "fwhm_avg": 2.471277222222222,
  "fwhm_x": 2.45564,
  "fwhm_y": 2.973555,
  "fwhm_z": 1.9846366666666666,
  "gcor": 0.00666139,
  "gsr_x": -0.00450324360281229,
  "gsr_y": 0.029071997851133347,
  "provenance": {
    "md5sum": "bd5cfd14657ad168b556df9817907a1a",
    "settings": {
      "fd_thres": 0.2,
      "hmc_fsl": false
    },
    "software": "mriqc",
    "version": "0.10.0"
  },
  "size_t": 260,
  "size_x": 96,
  "size_y": 96,
  "size_z": 39,
  "snr": 4.663918157122777,
  "spacing_tr": 2.5,
  "spacing_x": 2.0,
  "spacing_y": 2.0,
  "spacing_z": 3.0,
  "summary_bg_k": 57.881674414606984,
  "summary_bg_mad": 10.058886528015137,
  "summary_bg_mean": 28.38360595703125,
  "summary_bg_median": 20.80384635925293,
  "summary_bg_n": 182462.0,
  "summary_bg_p05": 10.592308044433594,
  "summary_bg_p95": 59.24192485809312,
  "summary_bg_stdv": 31.024885177612305,
  "summary_fg_k": 2.85051039894,
  "summary_fg_mad": 73.50287628173828,
  "summary_fg_mean": 467.8904724121094,
  "summary_fg_median": 465.21539306640625,
  "summary_fg_n": 111720.0,
  "summary_fg_p05": 311.66095275878905,
  "summary_fg_p95": 629.0426818847656,
  "summary_fg_stdv": 99.747314453125,
  "tsnr": 29.12702178955078
}