{
  "bids_meta": {
    "modality": "T1w",
    "subject_id": "17"
  },
  "cjv": 0.5096124501075054,
  "cnr": 2.6035703790340943,
  "efc": 0.5094114500235711,
  "fber": 3350.533447265625,
  "fwhm_avg": 4.114638040490431,
  "fwhm_x": 3.9789754548046266,
  "fwhm_y": 4.064277333333333,
  "fwhm_z": 4.300661333333333,
  "icvs_csf": 0.19689746939690742,
  "icvs_gm": 0.4140128913624086,
  "icvs_wm": 0.38908963924068396,
  "inu_med": 0.924451470375061,
  "inu_range": 0.3417307168245315,
  "provenance": {
    "md5sum": "42ef2db6d8a5bbb15bf6e1686e7293da",
    "settings": {
      "testing": false
    },
    "software": "mriqc",
    "version": "0.10.0",
    "warnings": {
      "large_rot_frame": true,
      "small_air_mask": false
    }
  },
  "qi_1": 0.0,
  "qi_2": 0.03932270251837532,
  "rpve_csf": 28.459387813613546,
  "rpve_gm": 13.856101532064667,
  "rpve_wm": 16.94164527839124,
  "size_x": 192,
  "size_y": 256,
  "size_z": 256,
  "snr_csf": 3.6861593759106928,
  "snr_gm": 12.641150254783833,
  "snr_total": 12.137131846373956,
  "snr_wm": 20.084085908427348,
  "snrd_csf": 20.951029178598205,
  "snrd_gm": 45.430302454950784,
  "snrd_total": 41.302858440974774,
  "snrd_wm": 57.52724368937533,
  "spacing_x": 0.9999986290931702,
  "spacing_y": 0.9375,
  "spacing_z": 0.9375,
  "summary_bg_k": 365.4880092540775,
  "summary_bg_mad": 11.388771057128906,
  "summary_bg_mean": 11.811257362365723,
  "summary_bg_median": 7.681609153747559,
  "summary_bg_n": 4369334.0,
  "summary_bg_p05": 0.0,
  "summary_bg_p95": 33.3041856765747,
  "summary_bg_stdv": 11.89929485321045,
  "summary_csf_k": 0.5958917646860802,
  "summary_csf_mad": 79.95215606689453,
  "summary_csf_mean": 392.6367492675781,
  "summary_csf_median": 364.2088623046875,
  "summary_csf_n": 52747.0,
  "summary_csf_p05": 274.44304809570315,
  "summary_csf_p95": 588.6425415039062,
  "summary_csf_stdv": 98.8034896850586,
  "summary_gm_k": 0.3633530987450553,
  "summary_gm_mad": 59.41476058959961,
  "summary_gm_mean": 791.75927734375,
  "summary_gm_median": 789.7520751953125,
  "summary_gm_n": 23953.0,
  "summary_gm_p05": 691.86162109375,
  "summary_gm_p95": 898.304638671875,
  "summary_gm_stdv": 62.47339630126953,
  "summary_wm_k": 0.2960357021860127,
  "summary_wm_mad": 47.752159118652344,
  "summary_wm_mean": 999.9002685546875,
  "summary_wm_median": 1000.0430908203125,
  "summary_wm_n": 245276.0,
  "summary_wm_p05": 917.7829742431641,
  "summary_wm_p95": 1081.4271850585938,
  "summary_wm_stdv": 49.79270935058594,
  "tpm_overlap_csf": 0.24222302436828613,
  "tpm_overlap_gm": 0.4912987947463989,
  "tpm_overlap_wm": 0.5493033528327942,
  "wm2max": 0.4629091880896325
}