{
  "bids_meta": {
    "modality": "T1w",
    "subject_id": "16"
  },
  "cjv": 0.5579524648988399,
  "cnr": 2.3367533187959117,
  "efc": 0.47484866685533217,
  "fber": 4174.16943359375,
  "fwhm_avg": 4.057230853088154,
  "fwhm_x": 4.028588559264461,
  "fwhm_y": 3.8864639999999997,
  "fwhm_z": 4.25664,
  "icvs_csf": 0.2186933582706094,
  "icvs_gm": 0.40453599103666443,
  "icvs_wm": 0.3767706506927262,
  "inu_med": 0.835354208946228,
  "inu_range": 0.28299662470817555,
  "provenance": {
    "md5sum": "3f7628963e348fefeb089f4612c365f4",
    "settings": {
      "testing": false
    },
    "software": "mriqc",
    "version": "0.10.0",
    "warnings": {
      "large_rot_frame": true,
      "small_air_mask": false
    }
  },
  "qi_1": 0.0,
  "qi_2": 0.03675333425045185,
  "rpve_csf": 26.763728453627667,
  "rpve_gm": 14.510856915850724,
  "rpve_wm": 18.363673763846258,
  "size_x": 192,
  "size_y": 256,
  "size_z": 256,
  "snr_csf": 3.614297451111812,
  "snr_gm": 11.598379538640854,
  "snr_total": 12.402358721724289,
  "snr_wm": 21.994399175420195,
  "snrd_csf": 40.685917511781085,
  "snrd_gm": 75.17120103704204,
  "snrd_total": 69.75278419560395,
  "snrd_wm": 93.40123403798874,
  "spacing_x": 1.0000003576278687,
  "spacing_y": 0.9375,
  "spacing_z": 0.9375,
  "summary_bg_k": 5.410263066953764,
  "summary_bg_mad": 7.014378547668457,
  "summary_bg_mean": 11.209797859191895,
  "summary_bg_median": 8.299694061279297,
  "summary_bg_n": 4567071.0,
  "summary_bg_p05": 0.0,
  "summary_bg_p95": 29.729196548461914,
  "summary_bg_stdv": 9.727266311645508,
  "summary_csf_k": -0.6922951236142119,
  "summary_csf_mad": 139.20570373535156,
  "summary_csf_mean": 453.13409423828125,
  "summary_csf_median": 435.61376953125,
  "summary_csf_n": 42825.0,
  "summary_csf_p05": 286.8986022949219,
  "summary_csf_p95": 660.6614135742186,
  "summary_csf_stdv": 120.52375030517578,
  "summary_gm_k": 0.5815687105015397,
  "summary_gm_mad": 64.72747802734375,
  "summary_gm_mean": 809.3755493164062,
  "summary_gm_median": 804.8389282226562,
  "summary_gm_n": 19401.0,
  "summary_gm_p05": 705.5048217773438,
  "summary_gm_p95": 935.3816528320312,
  "summary_gm_stdv": 69.39057159423828,
  "summary_wm_k": 0.2959372341336488,
  "summary_wm_mad": 44.17609786987305,
  "summary_wm_mean": 1001.445556640625,
  "summary_wm_median": 1000.0232543945312,
  "summary_wm_n": 230851.0,
  "summary_wm_p05": 929.4171752929688,
  "summary_wm_p95": 1078.6859130859375,
  "summary_wm_stdv": 45.467079162597656,
  "tpm_overlap_csf": 0.21775159239768982,
  "tpm_overlap_gm": 0.47832006216049194,
  "tpm_overlap_wm": 0.5365309119224548,
  "wm2max": 0.5097109032828363
}