{
  "bids_meta": {
    "modality": "T1w",
    "subject_id": "12"
  },
  "cjv": 0.4859227439938996,
  "cnr": 2.787301227411879,
  "efc": 0.5001799172615066,
  "fber": 3883.7548828125,
  "fwhm_avg": 4.003984955520754,
  "fwhm_x": 3.9146535332289294,
  "fwhm_y": 3.981568,
  "fwhm_z": 4.115733333333333,
  "icvs_csf": 0.17428701061291366,
  "icvs_gm": 0.4418921277425311,
  "icvs_wm": 0.3838208616445552,
  "inu_med": 0.8860084414482117,
  "inu_range": 0.3324146151542663,
  "provenance": {
    "md5sum": "1b561a5378ea6f665911852e1d66ec57",
    "settings": {
      "testing": false
    },
    "software": "mriqc",
    "version": "0.10.0",
    "warnings": {
      "large_rot_frame": true,
      "small_air_mask": false
    }
  },
  "qi_1": 0.0,
  "qi_2": 0.0352804488958606,
  "rpve_csf": 29.41856717372995,
  "rpve_gm": 12.745001638133699,
  "rpve_wm": 16.48771173179341,
  "size_x": 192,
  "size_y": 256,
  "size_z": 256,
  "snr_csf": 3.528877547410893,
  "snr_gm": 13.807664093416168,
  "snr_total": 12.62112243317617,
  "snr_wm": 20.52682565870145,
  "snrd_csf": 39.18824946744232,
  "snrd_gm": 69.44155497284589,
  "snrd_total": 65.5556472433489,
  "snrd_wm": 88.0371372897585,
  "spacing_x": 0.999996542930603,
  "spacing_y": 0.9375,
  "spacing_z": 0.9375,
  "summary_bg_k": 6.5799595694126225,
  "summary_bg_mad": 7.441750526428223,
  "summary_bg_mean": 11.845203399658203,
  "summary_bg_median": 8.959949493408203,
  "summary_bg_n": 4466250.0,
  "summary_bg_p05": 0.0,
  "summary_bg_p95": 31.430545997619625,
  "summary_bg_stdv": 10.303147315979004,
  "summary_csf_k": 0.06862839558860134,
  "summary_csf_mad": 137.2073974609375,
  "summary_csf_mean": 467.8270568847656,
  "summary_csf_median": 445.1427001953125,
  "summary_csf_n": 29555.0,
  "summary_csf_p05": 296.2038208007813,
  "summary_csf_p95": 687.0697509765624,
  "summary_csf_stdv": 126.1407241821289,
  "summary_gm_k": 0.33076400865113786,
  "summary_gm_mad": 55.89484786987305,
  "summary_gm_mean": 790.459716796875,
  "summary_gm_median": 788.7926025390625,
  "summary_gm_n": 38878.0,
  "summary_gm_p05": 700.6123504638672,
  "summary_gm_p95": 887.0936676025392,
  "summary_gm_stdv": 57.12642288208008,
  "summary_wm_k": 0.36881943832163566,
  "summary_wm_mad": 46.74604034423828,
  "summary_wm_mean": 1000.3589477539062,
  "summary_wm_median": 1000.0214233398438,
  "summary_wm_n": 262585.0,
  "summary_wm_p05": 920.9285522460937,
  "summary_wm_p95": 1080.731640625,
  "summary_wm_stdv": 48.717689514160156,
  "tpm_overlap_csf": 0.2411913126707077,
  "tpm_overlap_gm": 0.524225115776062,
  "tpm_overlap_wm": 0.5696235299110413,
  "wm2max": 0.4910013435703171
}