{
  "aor": 0.0005250000000000001,
  "aqi": 0.02544885923076923,
  "bids_meta": {
    "EchoTime": 0.03,
    "EffectiveEchoSpacing": 0.000370002,
    "FlipAngle": 90,
    "ImageType": [
      "ORIGINAL",
      "PRIMARY",
      "M",
      "ND",
      "NORM",
      "MOS"
    ],
    "MagneticFieldStrength": 3,
    "Manufacturer": "Siemens",
    "ManufacturersModelName": "TrioTim",
    "PhaseEncodingDirection": "j-",
    "PulseSequenceType": "Gradient Echo EPI",
    "RepetitionTime": 2.5,
    "SliceTiming": [
      0,
      1.2875,
      0.065,
      1.3525,
      0.13,
      1.4175,
      0.195,
      1.48,
      0.2575,
      1.545,
      0.3225,
      1.61,
      0.3875,
      1.675,
      0.45,
      1.7375,
      0.515,
      1.8025,
      0.58,
      1.8675,
      0.645,
      1.93,
      0.7075,
      1.995,
      0.7725,
      2.06,
      0.8375,
      2.125,
      0.9025,
      2.1875,
      0.965,
      2.2525,
      1.03,
      2.3175,
      1.095,
      2.3825,
      1.16,
      2.445,
      1.2225
    ],
    "TaskName": "Experimental Run 2",
    "modality": "bold",
    "subject_id": "02",
    "task_id": "run2"
  },
  "dummy_trs": 0,
  "dvars_nstd": 57.05814183347489,
  "dvars_std": 1.0718505631274127,
  "dvars_vstd": 0.9969954440154442,
  "efc": 0.582907585618823,
  "fber": 496.2498779296875,
  "fd_mean": 0.12146023542020516,
  "fd_num": 34,
  "fd_perc": 13.076923076923077,
  "fwhm_avg": 2.5272206151158976,
  "fwhm_x": 2.525685,
  "fwhm_y": 2.9977701786810265,
  "fwhm_z": 2.0582066666666665,
  "gcor": 0.00457473,
  "gsr_x": 0.009131900034844875,
  "gsr_y": 0.019952502101659775,
  "provenance": {
    "md5sum": "fcba31172a69311bbb8e9076e9167c15",
    "settings": {
      "fd_thres": 0.2,
      "hmc_fsl": false
    },
    "software": "mriqc",
    "version": "0.10.0"
  },
  "size_t": 260,
  "size_x": 96,
  "size_y": 96,
  "size_z": 39,
  "snr": 4.8060390001662245,
  "spacing_tr": 2.5,
  "spacing_x": 2.0,
  "spacing_y": 1.9999998807907104,
  "spacing_z": 3.0,
  "summary_bg_k": 41.43969340183712,
  "summary_bg_mad": 8.610498428344727,
  "summary_bg_mean": 23.362510681152344,
  "summary_bg_median": 17.015384674072266,
  "summary_bg_n": 196729.0,
  "summary_bg_p05": 8.75,
  "summary_bg_p95": 52.78076934814453,
  "summary_bg_stdv": 23.829334259033203,
  "summary_fg_k": 2.248416264576181,
  "summary_fg_mad": 70.78855895996094,
  "summary_fg_mean": 399.0581359863281,
  "summary_fg_median": 398.70770263671875,
  "summary_fg_n": 99101.0,
  "summary_fg_p05": 268.45001220703125,
  "summary_fg_p95": 526.3153686523438,
  "summary_fg_stdv": 82.95931243896484,
  "tsnr": 25.761457443237305
}