{
  "bids_meta": {
    "modality": "T1w",
    "subject_id": "03"
  },
  "cjv": 0.49763297800710904,
  "cnr": 2.7008802863889887,
  "efc": 0.5216083412022032,
  "fber": 2881.337158203125,
  "fwhm_avg": 4.087217316609169,
  "fwhm_x": 3.9873052831608384,
  "fwhm_y": 4.060138666666666,
  "fwhm_z": 4.214208,
  "icvs_csf": 0.2139582749139969,
  "icvs_gm": 0.3934263663696973,
  "icvs_wm": 0.39261535871630576,
  "inu_med": 0.9309264421463013,
  "inu_range": 0.28554220497608174,
  "provenance": {
    "md5sum": "cecf328c7a450dd56eb843f925a1cdf5",
    "settings": {
      "testing": false
    },
    "software": "mriqc",
    "version": "0.10.0",
    "warnings": {
      "large_rot_frame": true,
      "small_air_mask": false
    }
  },
  "qi_1": 0.0,
  "qi_2": 0.05135656780168807,
  "rpve_csf": 24.29268572450638,
  "rpve_gm": 13.07486354701828,
  "rpve_wm": 15.594357688661038,
  "size_x": 192,
  "size_y": 256,
  "size_z": 256,
  "snr_csf": 3.4460743262093967,
  "snr_gm": 13.052746059495867,
  "snr_total": 12.627296351021556,
  "snr_wm": 21.383068667359407,
  "snrd_csf": 31.516586464492736,
  "snrd_gm": 71.18843386751203,
  "snrd_total": 64.2149133364477,
  "snrd_wm": 89.93971967733832,
  "spacing_x": 1.0000061988830566,
  "spacing_y": 0.9375,
  "spacing_z": 0.9375,
  "summary_bg_k": 4.029390117367186,
  "summary_bg_mad": 7.284314155578613,
  "summary_bg_mean": 11.506049156188965,
  "summary_bg_median": 9.403322219848633,
  "summary_bg_n": 4088460.0,
  "summary_bg_p05": 0.0,
  "summary_bg_p95": 30.54548664093017,
  "summary_bg_stdv": 9.729954719543457,
  "summary_csf_k": 2.9047658717732308,
  "summary_csf_mad": 80.87869262695312,
  "summary_csf_mean": 381.42376708984375,
  "summary_csf_median": 350.42584228515625,
  "summary_csf_n": 55003.0,
  "summary_csf_p05": 263.3267761230469,
  "summary_csf_p95": 583.9873046874994,
  "summary_csf_stdv": 101.68749237060547,
  "summary_gm_k": 0.21116523565776824,
  "summary_gm_mad": 59.07971954345703,
  "summary_gm_mean": 791.8997802734375,
  "summary_gm_median": 791.5281982421875,
  "summary_gm_n": 17038.0,
  "summary_gm_p05": 692.9071563720703,
  "summary_gm_p95": 891.3235229492187,
  "summary_gm_stdv": 60.63896179199219,
  "summary_wm_k": 0.387730186449633,
  "summary_wm_mad": 44.67244338989258,
  "summary_wm_mean": 1000.412841796875,
  "summary_wm_median": 1000.01953125,
  "summary_wm_n": 284826.0,
  "summary_wm_p05": 924.0717620849609,
  "summary_wm_p95": 1077.8660583496094,
  "summary_wm_stdv": 46.76680374145508,
  "tpm_overlap_csf": 0.2453441023826599,
  "tpm_overlap_gm": 0.4839808940887451,
  "tpm_overlap_wm": 0.5588581562042236,
  "wm2max": 0.5005802420261446
}