{
  "aor": 0.0009783846153846156,
  "aqi": 0.03343842538461539,
  "bids_meta": {
    "EchoTime": 0.03,
    "EffectiveEchoSpacing": 0.000370002,
    "FlipAngle": 90,
    "ImageType": [
      "ORIGINAL",
      "PRIMARY",
      "M",
      "ND",
      "NORM",
      "MOS"
    ],
    "MagneticFieldStrength": 3,
    "Manufacturer": "Siemens",
    "ManufacturersModelName": "TrioTim",
    "PhaseEncodingDirection": "j-",
    "PulseSequenceType": "Gradient Echo EPI",
    "RepetitionTime": 2.5,
    "SliceTiming": [
      0,
      1.2875,
      0.065,
      1.35,
      0.1275,
      1.415,
      0.1925,
      1.48,
      0.2575,
      1.545,
      0.32,
      1.6075,
      0.385,
      1.6725,
      0.45,
      1.7375,
      0.515,
      1.8,
      0.5775,
      1.865,
      0.6425,
      1.93,
      0.7075,
      1.995,
      0.7725,
      2.0575,
      0.835,
      2.1225,
      0.9,
      2.1875,
      0.965,
      2.2525,
      1.03,
      2.315,
      1.0925,
      2.38,
      1.1575,
      2.445,
      1.2225
    ],
    "TaskName": "Experimental Run 2",
    "modality": "bold",
    "subject_id": "12",
    "task_id": "run2"
  },
  "dummy_trs": 0,
  "dvars_nstd": 46.900897066563715,
  "dvars_std": 1.0839954187644791,
  "dvars_vstd": 1.0050483291119692,
  "efc": 0.6004633228379085,
  "fber": 685.525634765625,
  "fd_mean": 0.1338935655564273,
  "fd_num": 40,
  "fd_perc": 15.384615384615385,
  "fwhm_avg": 2.581638333333333,
  "fwhm_x": 2.56249,
  "fwhm_y": 3.063795,
  "fwhm_z": 2.11863,
  "gcor": 0.0120841,
  "gsr_x": 0.004449042491614819,
  "gsr_y": 0.03228957578539848,
  "provenance": {
    "md5sum": "60a3a434a797e2acd13505ac24fec107",
    "settings": {
      "fd_thres": 0.2,
      "hmc_fsl": false
    },
    "software": "mriqc",
    "version": "0.10.0"
  },
  "size_t": 260,
  "size_x": 96,
  "size_y": 96,
  "size_z": 39,
  "snr": 5.799155822034164,
  "spacing_tr": 2.5,
  "spacing_x": 2.0,
  "spacing_y": 2.0,
  "spacing_z": 3.0,
  "summary_bg_k": 42.45340924938376,
  "summary_bg_mad": 10.982660293579102,
  "summary_bg_mean": 33.73466110229492,
  "summary_bg_median": 20.119230270385742,
  "summary_bg_n": 188931.0,
  "summary_bg_p05": 10.311538696289062,
  "summary_bg_p95": 95.64615631103516,
  "summary_bg_stdv": 46.98405075073242,
  "summary_fg_k": 4.301519789477176,
  "summary_fg_mad": 72.36811828613281,
  "summary_fg_mean": 541.0784301757812,
  "summary_fg_median": 543.3731079101562,
  "summary_fg_n": 107219.0,
  "summary_fg_p05": 401.5415283203125,
  "summary_fg_p95": 677.7611511230465,
  "summary_fg_stdv": 93.6982192993164,
  "tsnr": 29.582372665405273
}