{
  "aor": 0.0008213076923076924,
  "aqi": 0.032334283076923084,
  "bids_meta": {
    "EchoTime": 0.03,
    "EffectiveEchoSpacing": 0.000390006,
    "FlipAngle": 90,
    "ImageType": [
      "ORIGINAL",
      "PRIMARY",
      "M",
      "ND",
      "NORM",
      "MOS"
    ],
    "MagneticFieldStrength": 3,
    "Manufacturer": "Siemens",
    "ManufacturersModelName": "TrioTim",
    "PhaseEncodingDirection": "j-",
    "PulseSequenceType": "Gradient Echo EPI",
    "RepetitionTime": 2.5,
    "SliceTiming": [
      0,
      1.2875,
      0.065,
      1.3525,
      0.13,
      1.4175,
      0.195,
      1.48,
      0.2575,
      1.545,
      0.3225,
      1.61,
      0.3875,
      1.675,
      0.4525,
      1.7375,
      0.515,
      1.8025,
      0.58,
      1.8675,
      0.645,
      1.9325,
      0.7075,
      1.995,
      0.7725,
      2.06,
      0.8375,
      2.125,
      0.9025,
      2.1875,
      0.965,
      2.2525,
      1.03,
      2.3175,
      1.095,
      2.3825,
      1.16,
      2.445,
      1.2225
    ],
    "TaskName": "Experimental Run 4",
    "modality": "bold",
    "subject_id": "15",
    "task_id": "run4"
  },
  "dummy_trs": 0,
  "dvars_nstd": 45.12477285594595,
  "dvars_std": 1.0232096338996142,
  "dvars_vstd": 0.9521482847876451,
  "efc": 0.606014447710596,
  "fber": 745.9450073242188,
  "fd_mean": 0.18006706817943705,
  "fd_num": 73,
  "fd_perc": 28.076923076923077,
  "fwhm_avg": 2.7044677777777775,
  "fwhm_x": 2.66912,
  "fwhm_y": 3.2912,
  "fwhm_z": 2.1530833333333335,
  "gcor": 0.00444674,
  "gsr_x": 0.0015244828537106514,
  "gsr_y": 0.0315302237868309,
  "provenance": {
    "md5sum": "c443dcd39d48539c33cfdd0edb46e64c",
    "settings": {
      "fd_thres": 0.2,
      "hmc_fsl": false
    },
    "software": "mriqc",
    "version": "0.10.0"
  },
  "size_t": 260,
  "size_x": 96,
  "size_y": 96,
  "size_z": 39,
  "snr": 5.022090290030824,
  "spacing_tr": 2.5,
  "spacing_x": 2.0,
  "spacing_y": 2.0,
  "spacing_z": 3.0,
  "summary_bg_k": 37.717770869953625,
  "summary_bg_mad": 8.889909744262695,
  "summary_bg_mean": 28.662811279296875,
  "summary_bg_median": 16.769229888916016,
  "summary_bg_n": 180546.0,
  "summary_bg_p05": 8.231730699539185,
  "summary_bg_p95": 84.72884368896484,
  "summary_bg_stdv": 40.67096710205078,
  "summary_fg_k": 2.4807624872386684,
  "summary_fg_mad": 81.81681060791016,
  "summary_fg_mean": 481.8353271484375,
  "summary_fg_median": 482.8153991699219,
  "summary_fg_n": 112797.0,
  "summary_fg_p05": 330.5769348144531,
  "summary_fg_p95": 621.1746337890625,
  "summary_fg_stdv": 96.13790893554688,
  "tsnr": 28.172611236572266
}