{
  "bids_meta": {
    "modality": "T1w",
    "subject_id": "20"
  },
  "cjv": 0.5554330256252816,
  "cnr": 2.471368864032273,
  "efc": 0.4706236219776898,
  "fber": 4046.26806640625,
  "fwhm_avg": 3.787097867344762,
  "fwhm_x": 3.7637149353676187,
  "fwhm_y": 3.6732373333333332,
  "fwhm_z": 3.924341333333333,
  "icvs_csf": 0.2038584498108474,
  "icvs_gm": 0.4239952366847839,
  "icvs_wm": 0.3721463135043687,
  "inu_med": 0.9432104825973511,
  "inu_range": 0.3160372614860536,
  "provenance": {
    "md5sum": "c352d1ba63adcbf14ea7798b7486313e",
    "settings": {
      "testing": false
    },
    "software": "mriqc",
    "version": "0.10.0",
    "warnings": {
      "large_rot_frame": true,
      "small_air_mask": false
    }
  },
  "qi_1": 0.0,
  "qi_2": 0.07165533561880306,
  "rpve_csf": 32.24263631608377,
  "rpve_gm": 16.026931939439866,
  "rpve_wm": 21.06246378569215,
  "size_x": 192,
  "size_y": 256,
  "size_z": 256,
  "snr_csf": 3.6814345841122824,
  "snr_gm": 13.228366674245304,
  "snr_total": 12.162334338058974,
  "snr_wm": 19.57720175581933,
  "snrd_csf": 39.456631366989974,
  "snrd_gm": 74.28542371189445,
  "snrd_total": 68.77403664406071,
  "snrd_wm": 92.58005485329772,
  "spacing_x": 0.9999986886978149,
  "spacing_y": 0.9375,
  "spacing_z": 0.9375,
  "summary_bg_k": 4.48066970868013,
  "summary_bg_mad": 7.076603412628174,
  "summary_bg_mean": 11.263031005859375,
  "summary_bg_median": 9.999614715576172,
  "summary_bg_n": 4518090.0,
  "summary_bg_p05": 0.0,
  "summary_bg_p95": 30.91009845733642,
  "summary_bg_stdv": 10.264927864074707,
  "summary_csf_k": 0.6634998696626635,
  "summary_csf_mad": 122.1347885131836,
  "summary_csf_mean": 445.34027099609375,
  "summary_csf_median": 426.19970703125,
  "summary_csf_n": 24137.0,
  "summary_csf_p05": 288.4927734375,
  "summary_csf_p95": 650.9651855468751,
  "summary_csf_stdv": 115.76760864257812,
  "summary_gm_k": 0.074405337167605,
  "summary_gm_mad": 60.19501495361328,
  "summary_gm_mean": 804.2996826171875,
  "summary_gm_median": 802.4107666015625,
  "summary_gm_n": 13500.0,
  "summary_gm_p05": 707.141015625,
  "summary_gm_p95": 907.0618499755859,
  "summary_gm_stdv": 60.65609359741211,
  "summary_wm_k": 0.26914805244162254,
  "summary_wm_mad": 49.566097259521484,
  "summary_wm_mean": 1001.2493896484375,
  "summary_wm_median": 1000.0243530273438,
  "summary_wm_n": 179947.0,
  "summary_wm_p05": 919.6813720703125,
  "summary_wm_p95": 1087.4376220703125,
  "summary_wm_stdv": 51.08092498779297,
  "tpm_overlap_csf": 0.23375359177589417,
  "tpm_overlap_gm": 0.5058197379112244,
  "tpm_overlap_wm": 0.5556023120880127,
  "wm2max": 0.45042146944589323
}