{
  "bids_meta": {
    "modality": "T1w",
    "subject_id": "01"
  },
  "cjv": 0.5318723737523088,
  "cnr": 2.5136347362492133,
  "efc": 0.48969961853517774,
  "fber": 3016.31201171875,
  "fwhm_avg": 3.901021338989841,
  "fwhm_x": 3.823170683636192,
  "fwhm_y": 3.833045333333333,
  "fwhm_z": 4.046848,
  "icvs_csf": 0.18604989987802575,
  "icvs_gm": 0.4188943717318068,
  "icvs_wm": 0.3950557283901674,
  "inu_med": 0.8754988312721252,
  "inu_range": 0.3122981429100036,
  "provenance": {
    "md5sum": "b67ed5063cf1ec5b141f31f28617bd0b",
    "settings": {
      "testing": false
    },
    "software": "mriqc",
    "version": "0.10.0",
    "warnings": {
      "large_rot_frame": true,
      "small_air_mask": false
    }
  },
  "qi_1": 0.0,
  "qi_2": 0.08439108978741394,
  "rpve_csf": 27.923007853332976,
  "rpve_gm": 13.231877644981505,
  "rpve_wm": 16.286834665220024,
  "size_x": 192,
  "size_y": 256,
  "size_z": 256,
  "snr_csf": 3.427260960476806,
  "snr_gm": 12.224090752534284,
  "snr_total": 12.190073715953124,
  "snr_wm": 20.91886943484828,
  "snrd_csf": 29.278244177141016,
  "snrd_gm": 50.4067988981027,
  "snrd_total": 47.689747020102544,
  "snrd_wm": 63.38419798506392,
  "spacing_x": 0.9999998211860657,
  "spacing_y": 0.9375,
  "spacing_z": 0.9375,
  "summary_bg_k": 3.799833973843456,
  "summary_bg_mad": 10.336281776428223,
  "summary_bg_mean": 13.443007469177246,
  "summary_bg_median": 11.589665412902832,
  "summary_bg_n": 4408885.0,
  "summary_bg_p05": 0.0,
  "summary_bg_p95": 34.417276763916,
  "summary_bg_stdv": 10.823302268981934,
  "summary_csf_k": 9.855427990669808,
  "summary_csf_mad": 146.4163818359375,
  "summary_csf_mean": 474.4283447265625,
  "summary_csf_median": 461.93157958984375,
  "summary_csf_n": 32878.0,
  "summary_csf_p05": 291.0867660522461,
  "summary_csf_p95": 689.7063842773437,
  "summary_csf_stdv": 134.77951049804688,
  "summary_gm_k": 0.578254468879924,
  "summary_gm_mad": 62.152381896972656,
  "summary_gm_mean": 799.7125854492188,
  "summary_gm_median": 795.2830810546875,
  "summary_gm_n": 23828.0,
  "summary_gm_p05": 701.2935333251953,
  "summary_gm_p95": 912.8847564697265,
  "summary_gm_stdv": 65.05730438232422,
  "summary_wm_k": 0.27274058154769243,
  "summary_wm_mad": 46.74757766723633,
  "summary_wm_mean": 1000.9427490234375,
  "summary_wm_median": 1000.0313720703125,
  "summary_wm_n": 268857.0,
  "summary_wm_p05": 924.1097778320313,
  "summary_wm_p95": 1080.6690429687499,
  "summary_wm_stdv": 47.80514144897461,
  "tpm_overlap_csf": 0.21825675666332245,
  "tpm_overlap_gm": 0.4843229055404663,
  "tpm_overlap_wm": 0.5372506380081177,
  "wm2max": 0.4801730321544872
}