{
  "aor": 0.0028256538461538462,
  "aqi": 0.030754020384615388,
  "bids_meta": {
    "EchoTime": 0.03,
    "EffectiveEchoSpacing": 0.000370002,
    "FlipAngle": 90,
    "ImageType": [
      "ORIGINAL",
      "PRIMARY",
      "M",
      "ND",
      "NORM",
      "MOS"
    ],
    "MagneticFieldStrength": 3,
    "Manufacturer": "Siemens",
    "ManufacturersModelName": "TrioTim",
    "PhaseEncodingDirection": "j-",
    "PulseSequenceType": "Gradient Echo EPI",
    "RepetitionTime": 2.5,
    "SliceTiming": [
      0,
      1.2875,
      0.065,
      1.3525,
      0.13,
      1.4175,
      0.195,
      1.48,
      0.2575,
      1.545,
      0.3225,
      1.61,
      0.3875,
      1.675,
      0.4525,
      1.7375,
      0.515,
      1.8025,
      0.58,
      1.8675,
      0.645,
      1.9325,
      0.7075,
      1.995,
      0.7725,
      2.06,
      0.8375,
      2.125,
      0.9025,
      2.1875,
      0.965,
      2.2525,
      1.03,
      2.3175,
      1.095,
      2.3825,
      1.16,
      2.445,
      1.2225
    ],
    "TaskName": "Experimental Run 3",
    "modality": "bold",
    "subject_id": "03",
    "task_id": "run3"
  },
  "dummy_trs": 0,
  "dvars_nstd": 53.69212319196912,
  "dvars_std": 1.0626634660231662,
  "dvars_vstd": 1.0169908426640932,
  "efc": 0.6143032208921376,
  "fber": 471.2043762207031,
  "fd_mean": 0.205175330146961,
  "fd_num": 87,
  "fd_perc": 33.46153846153846,
  "fwhm_avg": 2.509122276017317,
  "fwhm_x": 2.470185,
  "fwhm_y": 3.026485,
  "fwhm_z": 2.030696828051951,
  "gcor": 0.00809166,
  "gsr_x": -0.00455108005553484,
  "gsr_y": 0.04747277498245239,
  "provenance": {
    "md5sum": "537a0275ca369d2023ffcb80eaab9e2c",
    "settings": {
      "fd_thres": 0.2,
      "hmc_fsl": false
    },
    "software": "mriqc",
    "version": "0.10.0"
  },
  "size_t": 260,
  "size_x": 96,
  "size_y": 96,
  "size_z": 39,
  "snr": 4.792015321229324,
  "spacing_tr": 2.5,
  "spacing_x": 2.0,
  "spacing_y": 2.0,
  "spacing_z": 2.999999761581421,
  "summary_bg_k": 30.022552831877768,
  "summary_bg_mad": 9.47154712677002,
  "summary_bg_mean": 26.263391494750977,
  "summary_bg_median": 17.507692337036133,
  "summary_bg_n": 182100.0,
  "summary_bg_p05": 9.0115385055542,
  "summary_bg_p95": 66.51923370361328,
  "summary_bg_stdv": 27.718469619750977,
  "summary_fg_k": 1.9563052966164474,
  "summary_fg_mad": 68.41068267822266,
  "summary_fg_mean": 402.9484558105469,
  "summary_fg_median": 397.04229736328125,
  "summary_fg_n": 113249.0,
  "summary_fg_p05": 286.00384521484375,
  "summary_fg_p95": 544.9677001953124,
  "summary_fg_stdv": 82.85460662841797,
  "tsnr": 24.941089630126953
}