{
  "bids_meta": {
    "modality": "T1w",
    "subject_id": "07"
  },
  "cjv": 0.4001495855182779,
  "cnr": 3.3543970382415416,
  "efc": 0.47614803509223896,
  "fber": 3830.107177734375,
  "fwhm_avg": 4.022903462702176,
  "fwhm_x": 3.942353054773194,
  "fwhm_y": 3.9570239999999997,
  "fwhm_z": 4.169333333333333,
  "icvs_csf": 0.1995032299635847,
  "icvs_gm": 0.43009006101987396,
  "icvs_wm": 0.3704067090165414,
  "inu_med": 0.9713629484176636,
  "inu_range": 0.30139164626598336,
  "provenance": {
    "md5sum": "60e5ce6603bf94aafd7823551b5ea778",
    "settings": {
      "testing": false
    },
    "software": "mriqc",
    "version": "0.10.0",
    "warnings": {
      "large_rot_frame": true,
      "small_air_mask": false
    }
  },
  "qi_1": 0.0,
  "qi_2": 0.05789039160870775,
  "rpve_csf": 28.69483239422073,
  "rpve_gm": 14.057235520186556,
  "rpve_wm": 18.819581108310068,
  "size_x": 192,
  "size_y": 256,
  "size_z": 256,
  "snr_csf": 3.3658686118835637,
  "snr_gm": 14.567886801287553,
  "snr_total": 13.777282024428601,
  "snr_wm": 23.398090660114683,
  "snrd_csf": 33.3724345420875,
  "snrd_gm": 64.32077743137481,
  "snrd_total": 60.410573649733955,
  "snrd_wm": 83.53850897573956,
  "spacing_x": 0.9999992251396179,
  "spacing_y": 0.9375,
  "spacing_z": 0.9375,
  "summary_bg_k": 4.840721326284941,
  "summary_bg_mad": 7.842504978179932,
  "summary_bg_mean": 11.686504364013672,
  "summary_bg_median": 9.740966796875,
  "summary_bg_n": 4536171.0,
  "summary_bg_p05": 0.0,
  "summary_bg_p95": 29.01999568939209,
  "summary_bg_stdv": 9.133797645568848,
  "summary_csf_k": 0.04947651714105694,
  "summary_csf_mad": 119.56770324707031,
  "summary_csf_mean": 426.62371826171875,
  "summary_csf_median": 399.4946594238281,
  "summary_csf_n": 33595.0,
  "summary_csf_p05": 276.99330444335936,
  "summary_csf_p95": 644.9147583007813,
  "summary_csf_stdv": 118.68814849853516,
  "summary_gm_k": 0.3126822222846668,
  "summary_gm_mad": 51.638248443603516,
  "summary_gm_mean": 770.181884765625,
  "summary_gm_median": 769.9710083007812,
  "summary_gm_n": 22675.0,
  "summary_gm_p05": 683.6721069335938,
  "summary_gm_p95": 856.5139038085938,
  "summary_gm_stdv": 52.85282897949219,
  "summary_wm_k": 0.49043134646175224,
  "summary_wm_mad": 40.41679382324219,
  "summary_wm_mean": 999.9085693359375,
  "summary_wm_median": 1000.0225830078125,
  "summary_wm_n": 213614.0,
  "summary_wm_p05": 929.4741607666015,
  "summary_wm_p95": 1069.6953186035157,
  "summary_wm_stdv": 42.73939514160156,
  "tpm_overlap_csf": 0.24069693684577942,
  "tpm_overlap_gm": 0.5105836987495422,
  "tpm_overlap_wm": 0.5518844127655029,
  "wm2max": 0.48466484021959044
}