{
  "aor": 0.0011041153846153846,
  "aqi": 0.029696538461538465,
  "bids_meta": {
    "EchoTime": 0.03,
    "EffectiveEchoSpacing": 0.000370002,
    "FlipAngle": 90,
    "ImageType": [
      "ORIGINAL",
      "PRIMARY",
      "M",
      "ND",
      "NORM",
      "MOS"
    ],
    "MagneticFieldStrength": 3,
    "Manufacturer": "Siemens",
    "ManufacturersModelName": "TrioTim",
    "PhaseEncodingDirection": "j-",
    "PulseSequenceType": "Gradient Echo EPI",
    "RepetitionTime": 2.5,
    "SliceTiming": [
      0,
      1.2875,
      0.065,
      1.3525,
      0.13,
      1.4175,
      0.195,
      1.48,
      0.2575,
      1.545,
      0.3225,
      1.61,
      0.3875,
      1.675,
      0.4525,
      1.7375,
      0.515,
      1.8025,
      0.58,
      1.8675,
      0.645,
      1.9325,
      0.7075,
      1.995,
      0.7725,
      2.06,
      0.8375,
      2.125,
      0.9025,
      2.1875,
      0.965,
      2.2525,
      1.03,
      2.3175,
      1.095,
      2.3825,
      1.16,
      2.445,
      1.2225
    ],
    "TaskName": "Experimental Run 2",
    "modality": "bold",
    "subject_id": "10",
    "task_id": "run2"
  },
  "dummy_trs": 0,
  "dvars_nstd": 45.303476326293435,
  "dvars_std": 1.03767597988417,
  "dvars_vstd": 1.0012578892277981,
  "efc": 0.5878518934485167,
  "fber": 628.1246337890625,
  "fd_mean": 0.11192410676499706,
  "fd_num": 27,
  "fd_perc": 10.384615384615385,
  "fwhm_avg": 2.7576717205838395,
  "fwhm_x": 2.7137401617515184,
  "fwhm_y": 3.316125,
  "fwhm_z": 2.24315,
  "gcor": 0.00453834,
  "gsr_x": 0.0032349980901926756,
  "gsr_y": 0.031020503491163254,
  "provenance": {
    "md5sum": "e0fbcece02a84a91b1c4a1f44a60ed06",
    "settings": {
      "fd_thres": 0.2,
      "hmc_fsl": false
    },
    "software": "mriqc",
    "version": "0.10.0"
  },
  "size_t": 260,
  "size_x": 96,
  "size_y": 96,
  "size_z": 39,
  "snr": 5.21536275879904,
  "spacing_tr": 2.5,
  "spacing_x": 1.9999998807907104,
  "spacing_y": 2.0,
  "spacing_z": 3.0,
  "summary_bg_k": 39.26556490118609,
  "summary_bg_mad": 9.668279647827148,
  "summary_bg_mean": 30.47818374633789,
  "summary_bg_median": 19.65192413330078,
  "summary_bg_n": 194624.0,
  "summary_bg_p05": 10.834615707397461,
  "summary_bg_p95": 77.62346076965345,
  "summary_bg_stdv": 37.67142868041992,
  "summary_fg_k": 3.0510156275292974,
  "summary_fg_mad": 77.75106048583984,
  "summary_fg_mean": 501.0653991699219,
  "summary_fg_median": 505.5961608886719,
  "summary_fg_n": 101574.0,
  "summary_fg_p05": 344.5880859375,
  "summary_fg_p95": 640.8205596923827,
  "summary_fg_stdv": 96.94314575195312,
  "tsnr": 27.597957611083984
}