{
  "bids_meta": {
    "modality": "T1w",
    "subject_id": "14"
  },
  "cjv": 0.45598477687509237,
  "cnr": 2.856158322697068,
  "efc": 0.4883537071672727,
  "fber": 2667.62109375,
  "fwhm_avg": 3.8995724040228956,
  "fwhm_x": 3.7934158787353547,
  "fwhm_y": 3.8580586666666665,
  "fwhm_z": 4.0472426666666665,
  "icvs_csf": 0.2257281822146701,
  "icvs_gm": 0.42153162962955054,
  "icvs_wm": 0.35274018815577934,
  "inu_med": 0.9990261793136597,
  "inu_range": 0.34358447492122635,
  "provenance": {
    "md5sum": "1859d82960367fb9a823c18f684cf242",
    "settings": {
      "testing": false
    },
    "software": "mriqc",
    "version": "0.10.0",
    "warnings": {
      "large_rot_frame": true,
      "small_air_mask": false
    }
  },
  "qi_1": 0.0,
  "qi_2": 0.04889303550109162,
  "rpve_csf": 25.73361348517261,
  "rpve_gm": 13.995613862044632,
  "rpve_wm": 19.187465264024123,
  "size_x": 192,
  "size_y": 256,
  "size_z": 256,
  "snr_csf": 3.547416987233018,
  "snr_gm": 12.980152629783678,
  "snr_total": 12.112995031026855,
  "snr_wm": 19.811415476063868,
  "snrd_csf": 24.659788196931935,
  "snrd_gm": 49.72554502655913,
  "snrd_total": 46.20800361504385,
  "snrd_wm": 64.23867762164048,
  "spacing_x": 0.9999984502792358,
  "spacing_y": 0.9375,
  "spacing_z": 0.9375,
  "summary_bg_k": 9.544702657378856,
  "summary_bg_mad": 10.198784828186035,
  "summary_bg_mean": 12.888733863830566,
  "summary_bg_median": 7.894613265991211,
  "summary_bg_n": 4861863.0,
  "summary_bg_p05": 0.0,
  "summary_bg_p95": 35.52591094970702,
  "summary_bg_stdv": 12.368581771850586,
  "summary_csf_k": 0.021557256370412503,
  "summary_csf_mad": 105.39093017578125,
  "summary_csf_mean": 408.88299560546875,
  "summary_csf_median": 383.88934326171875,
  "summary_csf_n": 46080.0,
  "summary_csf_p05": 271.04481506347656,
  "summary_csf_p95": 609.9942810058591,
  "summary_csf_stdv": 108.21540832519531,
  "summary_gm_k": 0.5063265443292551,
  "summary_gm_mad": 55.26521301269531,
  "summary_gm_mean": 774.5353393554688,
  "summary_gm_median": 774.0985717773438,
  "summary_gm_n": 21061.0,
  "summary_gm_p05": 676.0252075195312,
  "summary_gm_p95": 873.0285034179688,
  "summary_gm_stdv": 59.635677337646484,
  "summary_wm_k": 0.5147438696628055,
  "summary_wm_mad": 47.756370544433594,
  "summary_wm_mean": 1000.85693359375,
  "summary_wm_median": 1000.0306396484375,
  "summary_wm_n": 202735.0,
  "summary_wm_p05": 919.5198486328125,
  "summary_wm_p95": 1085.13974609375,
  "summary_wm_stdv": 50.47737121582031,
  "tpm_overlap_csf": 0.22690047323703766,
  "tpm_overlap_gm": 0.48497143387794495,
  "tpm_overlap_wm": 0.5295357704162598,
  "wm2max": 0.4515181504956511
}