{
  "bids_meta": {
    "modality": "T1w",
    "subject_id": "13"
  },
  "cjv": 0.46512809582512193,
  "cnr": 2.9412080518412638,
  "efc": 0.4905105372637399,
  "fber": 2862.5,
  "fwhm_avg": 3.95336867779071,
  "fwhm_x": 3.9149007000387965,
  "fwhm_y": 3.860565333333333,
  "fwhm_z": 4.084639999999999,
  "icvs_csf": 0.1927854235893855,
  "icvs_gm": 0.42283948108937414,
  "icvs_wm": 0.38437509532124037,
  "inu_med": 0.9466353058815002,
  "inu_range": 0.30698837041854865,
  "provenance": {
    "md5sum": "baa6563dbab83402b3f30a8b004210bd",
    "settings": {
      "testing": false
    },
    "software": "mriqc",
    "version": "0.10.0",
    "warnings": {
      "large_rot_frame": true,
      "small_air_mask": false
    }
  },
  "qi_1": 0.0,
  "qi_2": 0.03796683675495562,
  "rpve_csf": 28.849510887880452,
  "rpve_gm": 13.9253556682524,
  "rpve_wm": 17.96021401659175,
  "size_x": 192,
  "size_y": 256,
  "size_z": 256,
  "snr_csf": 3.806980399127776,
  "snr_gm": 12.893051288805857,
  "snr_total": 12.683183112439188,
  "snr_wm": 21.34951764938393,
  "snrd_csf": 36.922602583292445,
  "snrd_gm": 63.706009889023576,
  "snrd_total": 60.98273469614495,
  "snrd_wm": 82.31959161611883,
  "spacing_x": 0.9999998211860657,
  "spacing_y": 0.9375,
  "spacing_z": 0.9375,
  "summary_bg_k": 4.310681708855269,
  "summary_bg_mad": 7.958581924438477,
  "summary_bg_mean": 13.140426635742188,
  "summary_bg_median": 9.904336929321289,
  "summary_bg_n": 4616870.0,
  "summary_bg_p05": 0.0,
  "summary_bg_p95": 33.478271484374986,
  "summary_bg_stdv": 10.658987045288086,
  "summary_csf_k": -0.3140955927679161,
  "summary_csf_mad": 138.95240783691406,
  "summary_csf_mean": 457.1737365722656,
  "summary_csf_median": 448.5349426269531,
  "summary_csf_n": 27780.0,
  "summary_csf_p05": 286.01082305908204,
  "summary_csf_p95": 652.761441040039,
  "summary_csf_stdv": 117.81696319580078,
  "summary_gm_k": 0.011107035554952294,
  "summary_gm_mad": 59.80504608154297,
  "summary_gm_mean": 775.5989990234375,
  "summary_gm_median": 773.899169921875,
  "summary_gm_n": 22234.0,
  "summary_gm_p05": 679.4159362792968,
  "summary_gm_p95": 877.3592712402343,
  "summary_gm_stdv": 60.02316665649414,
  "summary_wm_k": 0.3001822764928592,
  "summary_wm_mad": 45.36849594116211,
  "summary_wm_mean": 1000.8148803710938,
  "summary_wm_median": 1000.0165405273438,
  "summary_wm_n": 227415.0,
  "summary_wm_p05": 925.3538024902343,
  "summary_wm_p95": 1078.9773193359374,
  "summary_wm_stdv": 46.84013748168945,
  "tpm_overlap_csf": 0.22370807826519012,
  "tpm_overlap_gm": 0.5006421804428101,
  "tpm_overlap_wm": 0.5447432994842529,
  "wm2max": 0.47218302439934806
}