{
  "bids_meta": {
    "modality": "T1w",
    "subject_id": "19"
  },
  "cjv": 0.4822441867105343,
  "cnr": 2.7429602876345025,
  "efc": 0.5121369953250913,
  "fber": 3565.649169921875,
  "fwhm_avg": 3.9840710459303246,
  "fwhm_x": 3.955519804457639,
  "fwhm_y": 3.8360746666666667,
  "fwhm_z": 4.160618666666667,
  "icvs_csf": 0.21122319335517833,
  "icvs_gm": 0.4106643059396654,
  "icvs_wm": 0.3781125007051563,
  "inu_med": 1.0083870887756348,
  "inu_range": 0.3508480459451676,
  "provenance": {
    "md5sum": "5a8fde13c0420562893729dda05e2840",
    "settings": {
      "testing": false
    },
    "software": "mriqc",
    "version": "0.10.0",
    "warnings": {
      "large_rot_frame": true,
      "small_air_mask": false
    }
  },
  "qi_1": 0.0,
  "qi_2": 0.03482915159716311,
  "rpve_csf": 25.749048160601266,
  "rpve_gm": 13.448096197597879,
  "rpve_wm": 17.06993449492209,
  "size_x": 192,
  "size_y": 256,
  "size_z": 256,
  "snr_csf": 3.9132732459197284,
  "snr_gm": 13.010587651144752,
  "snr_total": 11.971513180832048,
  "snr_wm": 18.99067864543166,
  "snrd_csf": 24.7331224893444,
  "snrd_gm": 47.45056860891485,
  "snrd_total": 44.371417361238834,
  "snrd_wm": 60.93056098545728,
  "spacing_x": 0.9999949932098389,
  "spacing_y": 0.9375,
  "spacing_z": 0.9375,
  "summary_bg_k": 71.7656329755171,
  "summary_bg_mad": 10.752540588378906,
  "summary_bg_mean": 11.891895294189453,
  "summary_bg_median": 7.291725158691406,
  "summary_bg_n": 4518970.0,
  "summary_bg_p05": 0.0,
  "summary_bg_p95": 35.67332878112793,
  "summary_bg_stdv": 12.246652603149414,
  "summary_csf_k": 0.5953418999107893,
  "summary_csf_mad": 111.95768737792969,
  "summary_csf_mean": 421.4333190917969,
  "summary_csf_median": 405.93670654296875,
  "summary_csf_n": 43378.0,
  "summary_csf_p05": 278.44983062744143,
  "summary_csf_p95": 603.7143493652344,
  "summary_csf_stdv": 103.73209381103516,
  "summary_gm_k": 0.5182364163363187,
  "summary_gm_mad": 55.62138366699219,
  "summary_gm_mean": 780.9141235351562,
  "summary_gm_median": 778.790771484375,
  "summary_gm_n": 18711.0,
  "summary_gm_p05": 686.6728515625,
  "summary_gm_p95": 884.9009704589844,
  "summary_gm_stdv": 59.856632232666016,
  "summary_wm_k": 0.2238455160934314,
  "summary_wm_mad": 51.07164001464844,
  "summary_wm_mean": 999.2277221679688,
  "summary_wm_median": 1000.0335083007812,
  "summary_wm_n": 243912.0,
  "summary_wm_p05": 911.0818817138672,
  "summary_wm_p95": 1084.6746887207032,
  "summary_wm_stdv": 52.6590690612793,
  "tpm_overlap_csf": 0.23859840631484985,
  "tpm_overlap_gm": 0.49952250719070435,
  "tpm_overlap_wm": 0.5689656734466553,
  "wm2max": 0.45121741426538203
}