{
  "bids_meta": {
    "modality": "T1w",
    "subject_id": "09"
  },
  "cjv": 0.4898101905074137,
  "cnr": 2.7578754479881042,
  "efc": 0.49424508409392687,
  "fber": 3403.666015625,
  "fwhm_avg": 3.9650208464325427,
  "fwhm_x": 3.876289205964295,
  "fwhm_y": 3.889866666666667,
  "fwhm_z": 4.1289066666666665,
  "icvs_csf": 0.18454722035502077,
  "icvs_gm": 0.42740295215113944,
  "icvs_wm": 0.3880498274938398,
  "inu_med": 0.9243255257606506,
  "inu_range": 0.3276797533035276,
  "provenance": {
    "md5sum": "918321c895374f6c6eebef34d40fea52",
    "settings": {
      "testing": false
    },
    "software": "mriqc",
    "version": "0.10.0",
    "warnings": {
      "large_rot_frame": true,
      "small_air_mask": false
    }
  },
  "qi_1": 0.0,
  "qi_2": 0.03355009109122831,
  "rpve_csf": 30.623981430698112,
  "rpve_gm": 14.15530687673303,
  "rpve_wm": 17.93823877789822,
  "size_x": 192,
  "size_y": 256,
  "size_z": 256,
  "snr_csf": 3.1819512583625538,
  "snr_gm": 13.213365906660897,
  "snr_total": 12.412821198400072,
  "snr_wm": 20.84314643017677,
  "snrd_csf": 30.91648298380167,
  "snrd_gm": 55.10913006730246,
  "snrd_total": 52.02137208110651,
  "snrd_wm": 70.03850319221542,
  "spacing_x": 1.0000053644180298,
  "spacing_y": 0.9375,
  "spacing_z": 0.9375,
  "summary_bg_k": 7.7126665695168874,
  "summary_bg_mad": 9.354239463806152,
  "summary_bg_mean": 12.880476951599121,
  "summary_bg_median": 10.490476608276367,
  "summary_bg_n": 4500057.0,
  "summary_bg_p05": 0.0,
  "summary_bg_p95": 34.11806793212891,
  "summary_bg_stdv": 11.234029769897461,
  "summary_csf_k": 8.07686005886937,
  "summary_csf_mad": 155.67152404785156,
  "summary_csf_mean": 464.9416809082031,
  "summary_csf_median": 441.4350891113281,
  "summary_csf_n": 27739.0,
  "summary_csf_p05": 285.9392852783203,
  "summary_csf_p95": 693.1292114257812,
  "summary_csf_stdv": 138.7284393310547,
  "summary_gm_k": 0.417753254883217,
  "summary_gm_mad": 57.37980270385742,
  "summary_gm_mean": 788.64697265625,
  "summary_gm_median": 786.8651733398438,
  "summary_gm_n": 23697.0,
  "summary_gm_p05": 694.3855834960937,
  "summary_gm_p95": 889.9082885742187,
  "summary_gm_stdv": 59.549442291259766,
  "summary_wm_k": 0.20133087280804185,
  "summary_wm_mad": 47.03117370605469,
  "summary_wm_mean": 999.7567138671875,
  "summary_wm_median": 1000.0313720703125,
  "summary_wm_n": 229142.0,
  "summary_wm_p05": 920.412451171875,
  "summary_wm_p95": 1077.5731567382813,
  "summary_wm_stdv": 47.97880172729492,
  "tpm_overlap_csf": 0.23019342124462128,
  "tpm_overlap_gm": 0.5016899108886719,
  "tpm_overlap_wm": 0.5495840907096863,
  "wm2max": 0.46330030170960207
}