{
  "bids_meta": {
    "modality": "T1w",
    "subject_id": "10"
  },
  "cjv": 0.46940300496539805,
  "cnr": 2.8388155196270053,
  "efc": 0.4703172739830099,
  "fber": 4071.20166015625,
  "fwhm_avg": 4.0107743111707475,
  "fwhm_x": 3.8892296001789086,
  "fwhm_y": 4.011392,
  "fwhm_z": 4.131701333333334,
  "icvs_csf": 0.18687935105933703,
  "icvs_gm": 0.4238255172743941,
  "icvs_wm": 0.38929513166626883,
  "inu_med": 0.8618462085723877,
  "inu_range": 0.3121894747018814,
  "provenance": {
    "md5sum": "66a9dee9e75594d8d8be64224e8dc51e",
    "settings": {
      "testing": false
    },
    "software": "mriqc",
    "version": "0.10.0",
    "warnings": {
      "large_rot_frame": true,
      "small_air_mask": false
    }
  },
  "qi_1": 0.0,
  "qi_2": 0.039011024089659924,
  "rpve_csf": 29.035177606733587,
  "rpve_gm": 13.615714611731867,
  "rpve_wm": 17.174036921172952,
  "size_x": 192,
  "size_y": 256,
  "size_z": 256,
  "snr_csf": 3.9554201151535326,
  "snr_gm": 13.827043576992397,
  "snr_total": 13.1180910761669,
  "snr_wm": 21.571809536354774,
  "snrd_csf": 41.210446897175714,
  "snrd_gm": 62.837291357044904,
  "snrd_total": 61.21869550004373,
  "snrd_wm": 79.60834824591056,
  "spacing_x": 1.0000052452087402,
  "spacing_y": 0.9375,
  "spacing_z": 0.9375,
  "summary_bg_k": 5.2150824156621365,
  "summary_bg_mad": 8.229676246643066,
  "summary_bg_mean": 12.0565824508667,
  "summary_bg_median": 9.593086242675781,
  "summary_bg_n": 5128395.0,
  "summary_bg_p05": 0.0,
  "summary_bg_p95": 31.157693672180173,
  "summary_bg_stdv": 9.977986335754395,
  "summary_csf_k": -0.7635274639993983,
  "summary_csf_mad": 153.90878295898438,
  "summary_csf_mean": 510.9595947265625,
  "summary_csf_median": 517.6763916015625,
  "summary_csf_n": 31150.0,
  "summary_csf_p05": 304.8738311767578,
  "summary_csf_p95": 715.3899200439453,
  "summary_csf_stdv": 130.87562561035156,
  "summary_gm_k": 0.461784836697241,
  "summary_gm_mad": 55.4189567565918,
  "summary_gm_mean": 789.9379272460938,
  "summary_gm_median": 789.3479614257812,
  "summary_gm_n": 25249.0,
  "summary_gm_p05": 697.7027832031249,
  "summary_gm_p95": 884.2057739257813,
  "summary_gm_stdv": 57.086124420166016,
  "summary_wm_k": 0.6737165309324098,
  "summary_wm_mad": 43.472171783447266,
  "summary_wm_mean": 1000.3746948242188,
  "summary_wm_median": 1000.022216796875,
  "summary_wm_n": 240850.0,
  "summary_wm_p05": 924.6064758300781,
  "summary_wm_p95": 1075.992901611328,
  "summary_wm_stdv": 46.357730865478516,
  "tpm_overlap_csf": 0.22172127664089203,
  "tpm_overlap_gm": 0.5016313195228577,
  "tpm_overlap_wm": 0.5444585680961609,
  "wm2max": 0.46163865066976667
}