{
  "aor": 0.0005212307692307693,
  "aqi": 0.02399781653846154,
  "bids_meta": {
    "EchoTime": 0.03,
    "EffectiveEchoSpacing": 0.000390006,
    "FlipAngle": 90,
    "ImageType": [
      "ORIGINAL",
      "PRIMARY",
      "M",
      "ND",
      "NORM",
      "MOS"
    ],
    "MagneticFieldStrength": 3,
    "Manufacturer": "Siemens",
    "ManufacturersModelName": "TrioTim",
    "PhaseEncodingDirection": "j-",
    "PulseSequenceType": "Gradient Echo EPI",
    "RepetitionTime": 2.5,
    "SliceTiming": [
      0,
      1.2875,
      0.065,
      1.3525,
      0.13,
      1.4175,
      0.195,
      1.48,
      0.2575,
      1.545,
      0.3225,
      1.61,
      0.3875,
      1.675,
      0.4525,
      1.7375,
      0.515,
      1.8025,
      0.58,
      1.8675,
      0.645,
      1.9325,
      0.71,
      1.995,
      0.7725,
      2.06,
      0.8375,
      2.125,
      0.9025,
      2.19,
      0.9675,
      2.2525,
      1.03,
      2.3175,
      1.095,
      2.3825,
      1.16,
      2.4475,
      1.2225
    ],
    "TaskName": "Experimental Run 3",
    "modality": "bold",
    "subject_id": "18",
    "task_id": "run3"
  },
  "dummy_trs": 0,
  "dvars_nstd": 39.619865888764515,
  "dvars_std": 1.0216505892664092,
  "dvars_vstd": 0.9582482689575288,
  "efc": 0.5461003851159059,
  "fber": 1045.53759765625,
  "fd_mean": 0.14482621606555124,
  "fd_num": 49,
  "fd_perc": 18.846153846153847,
  "fwhm_avg": 2.6271389505471157,
  "fwhm_x": 2.60288,
  "fwhm_y": 3.1033601849746812,
  "fwhm_z": 2.1751766666666668,
  "gcor": 0.0121881,
  "gsr_x": 0.0007164815906435251,
  "gsr_y": 0.02720434032380581,
  "provenance": {
    "md5sum": "431bc407a0d7836541830d1f9444f674",
    "settings": {
      "fd_thres": 0.2,
      "hmc_fsl": false
    },
    "software": "mriqc",
    "version": "0.10.0"
  },
  "size_t": 260,
  "size_x": 96,
  "size_y": 96,
  "size_z": 39,
  "snr": 5.082877843151161,
  "spacing_tr": 2.5,
  "spacing_x": 2.0,
  "spacing_y": 1.9999998807907104,
  "spacing_z": 3.0,
  "summary_bg_k": 68.01843028440585,
  "summary_bg_mad": 7.561270713806152,
  "summary_bg_mean": 26.77760124206543,
  "summary_bg_median": 16.05769157409668,
  "summary_bg_n": 208610.0,
  "summary_bg_p05": 9.126923561096191,
  "summary_bg_p95": 67.94057617187495,
  "summary_bg_stdv": 40.89112091064453,
  "summary_fg_k": 2.9719588540314,
  "summary_fg_mad": 89.33248901367188,
  "summary_fg_mean": 537.114501953125,
  "summary_fg_median": 536.5269165039062,
  "summary_fg_n": 89201.0,
  "summary_fg_p05": 375.8653869628906,
  "summary_fg_p95": 690.5038452148438,
  "summary_fg_stdv": 105.55514526367188,
  "tsnr": 32.163352966308594
}