{
  "aor": 0.000977,
  "aqi": 0.025222479615384617,
  "bids_meta": {
    "EchoTime": 0.03,
    "EffectiveEchoSpacing": 0.000390006,
    "FlipAngle": 90,
    "ImageType": [
      "ORIGINAL",
      "PRIMARY",
      "M",
      "ND",
      "NORM",
      "MOS"
    ],
    "MagneticFieldStrength": 3,
    "Manufacturer": "Siemens",
    "ManufacturersModelName": "TrioTim",
    "PhaseEncodingDirection": "j-",
    "PulseSequenceType": "Gradient Echo EPI",
    "RepetitionTime": 2.5,
    "SliceTiming": [
      0,
      1.2875,
      0.065,
      1.3525,
      0.13,
      1.415,
      0.1925,
      1.48,
      0.2575,
      1.545,
      0.3225,
      1.61,
      0.3875,
      1.6725,
      0.45,
      1.7375,
      0.515,
      1.8025,
      0.58,
      1.8675,
      0.6425,
      1.93,
      0.7075,
      1.995,
      0.7725,
      2.06,
      0.8375,
      2.1225,
      0.9,
      2.1875,
      0.965,
      2.2525,
      1.03,
      2.3175,
      1.095,
      2.38,
      1.1575,
      2.445,
      1.2225
    ],
    "TaskName": "Experimental Run 4",
    "modality": "bold",
    "subject_id": "16",
    "task_id": "run4"
  },
  "dummy_trs": 0,
  "dvars_nstd": 42.583684825521196,
  "dvars_std": 1.0308283259845565,
  "dvars_vstd": 0.9849051978764475,
  "efc": 0.5733494690959565,
  "fber": 911.4508056640625,
  "fd_mean": 0.23364465801175566,
  "fd_num": 121,
  "fd_perc": 46.53846153846154,
  "fwhm_avg": 2.64383050048546,
  "fwhm_x": 2.73275,
  "fwhm_y": 3.119915,
  "fwhm_z": 2.07882650145638,
  "gcor": 0.00461138,
  "gsr_x": 0.0010350332595407963,
  "gsr_y": 0.024146365001797676,
  "provenance": {
    "md5sum": "45c158d4241f48ba30e35d666baae4f4",
    "settings": {
      "fd_thres": 0.2,
      "hmc_fsl": false
    },
    "software": "mriqc",
    "version": "0.10.0"
  },
  "size_t": 260,
  "size_x": 96,
  "size_y": 96,
  "size_z": 39,
  "snr": 5.179631077171451,
  "spacing_tr": 2.5,
  "spacing_x": 2.0,
  "spacing_y": 2.0,
  "spacing_z": 3.000000238418579,
  "summary_bg_k": 40.54026820453973,
  "summary_bg_mad": 7.270452976226807,
  "summary_bg_mean": 24.017372131347656,
  "summary_bg_median": 15.757692337036133,
  "summary_bg_n": 194597.0,
  "summary_bg_p05": 9.046154022216797,
  "summary_bg_p95": 66.62307739257812,
  "summary_bg_stdv": 27.076745986938477,
  "summary_fg_k": 2.618718655855332,
  "summary_fg_mad": 74.71744537353516,
  "summary_fg_mean": 490.6154479980469,
  "summary_fg_median": 491.8115539550781,
  "summary_fg_n": 100881.0,
  "summary_fg_p05": 335.5384521484375,
  "summary_fg_p95": 634.8692016601562,
  "summary_fg_stdv": 94.95060729980469,
  "tsnr": 30.43077278137207
}