{
  "bids_meta": {
    "modality": "T1w",
    "subject_id": "11"
  },
  "cjv": 0.6717481732745971,
  "cnr": 2.026803344439458,
  "efc": 0.5263275066748269,
  "fber": 2220.0859375,
  "fwhm_avg": 4.010979396898379,
  "fwhm_x": 3.8534821906951375,
  "fwhm_y": 4.073994666666667,
  "fwhm_z": 4.105461333333333,
  "icvs_csf": 0.18881158987464333,
  "icvs_gm": 0.41463050056589573,
  "icvs_wm": 0.3965579095594609,
  "inu_med": 0.9717819690704346,
  "inu_range": 0.4110227048397064,
  "provenance": {
    "md5sum": "2bfb111463988729969b76b8a6519797",
    "settings": {
      "testing": false
    },
    "software": "mriqc",
    "version": "0.10.0",
    "warnings": {
      "large_rot_frame": true,
      "small_air_mask": false
    }
  },
  "qi_1": 0.0,
  "qi_2": 0.03654244935094935,
  "rpve_csf": 24.110306652997313,
  "rpve_gm": 11.443665682967959,
  "rpve_wm": 13.90915600406874,
  "size_x": 192,
  "size_y": 256,
  "size_z": 256,
  "snr_csf": 3.2023078498492596,
  "snr_gm": 10.86177552734921,
  "snr_total": 10.473212541733295,
  "snr_wm": 17.355554248001415,
  "snrd_csf": 27.417626141852036,
  "snrd_gm": 52.31742832520265,
  "snrd_total": 48.169147344532895,
  "snrd_wm": 64.77238756654401,
  "spacing_x": 1.0000020265579224,
  "spacing_y": 0.9375,
  "spacing_z": 0.9375,
  "summary_bg_k": 5.713455346805221,
  "summary_bg_mad": 10.114871978759766,
  "summary_bg_mean": 15.16566276550293,
  "summary_bg_median": 12.148463249206543,
  "summary_bg_n": 3916435.0,
  "summary_bg_p05": 0.0,
  "summary_bg_p95": 38.57859115600584,
  "summary_bg_stdv": 12.302706718444824,
  "summary_csf_k": -0.5790598063762076,
  "summary_csf_mad": 146.33328247070312,
  "summary_csf_mean": 450.4653015136719,
  "summary_csf_median": 423.30999755859375,
  "summary_csf_n": 42944.0,
  "summary_csf_p05": 278.58990783691405,
  "summary_csf_p95": 683.6909149169921,
  "summary_csf_stdv": 132.1875,
  "summary_gm_k": 0.0644640880667855,
  "summary_gm_mad": 73.6036376953125,
  "summary_gm_mean": 810.3419799804688,
  "summary_gm_median": 807.7464599609375,
  "summary_gm_n": 23860.0,
  "summary_gm_p05": 692.9672119140624,
  "summary_gm_p95": 939.5467895507812,
  "summary_gm_stdv": 74.36441040039062,
  "summary_wm_k": 0.39699892771789447,
  "summary_wm_mad": 55.571067810058594,
  "summary_wm_mean": 1001.572021484375,
  "summary_wm_median": 1000.0427856445312,
  "summary_wm_n": 300044.0,
  "summary_wm_p05": 909.6076538085938,
  "summary_wm_p95": 1098.4127075195313,
  "summary_wm_stdv": 57.620811462402344,
  "tpm_overlap_csf": 0.2209029495716095,
  "tpm_overlap_gm": 0.4863811135292053,
  "tpm_overlap_wm": 0.543605387210846,
  "wm2max": 0.4415455511643979
}