{
  "bids_meta": {
    "modality": "T1w",
    "subject_id": "05"
  },
  "cjv": 0.5021912527254286,
  "cnr": 2.691640814460016,
  "efc": 0.5086341024754906,
  "fber": 2911.121337890625,
  "fwhm_avg": 3.9077810019970776,
  "fwhm_x": 3.798436339324564,
  "fwhm_y": 3.856832,
  "fwhm_z": 4.068074666666667,
  "icvs_csf": 0.18885336092992647,
  "icvs_gm": 0.41849885948140536,
  "icvs_wm": 0.3926477795886682,
  "inu_med": 0.9188870191574097,
  "inu_range": 0.29184510707855216,
  "provenance": {
    "md5sum": "2e60d088f55dfec28748192c7df3d4c4",
    "settings": {
      "testing": false
    },
    "software": "mriqc",
    "version": "0.10.0",
    "warnings": {
      "large_rot_frame": true,
      "small_air_mask": false
    }
  },
  "qi_1": 0.0,
  "qi_2": 0.06563555249774966,
  "rpve_csf": 25.77713713796341,
  "rpve_gm": 12.307989164607962,
  "rpve_wm": 15.302927114589222,
  "size_x": 192,
  "size_y": 256,
  "size_z": 256,
  "snr_csf": 3.510205713836314,
  "snr_gm": 13.509973902062544,
  "snr_total": 12.561487527635629,
  "snr_wm": 20.66428296700803,
  "snrd_csf": 33.141170786325134,
  "snrd_gm": 65.21474817183642,
  "snrd_total": 60.18561601667441,
  "snrd_wm": 82.20092909186167,
  "spacing_x": 0.9999983310699463,
  "spacing_y": 0.9375,
  "spacing_z": 0.9375,
  "summary_bg_k": 4.059528890307396,
  "summary_bg_mad": 7.970127582550049,
  "summary_bg_mean": 12.462189674377441,
  "summary_bg_median": 10.348885536193848,
  "summary_bg_n": 4159889.0,
  "summary_bg_p05": 0.0,
  "summary_bg_p95": 32.118756866455065,
  "summary_bg_stdv": 10.18619155883789,
  "summary_csf_k": 13.655112121236435,
  "summary_csf_mad": 119.56901550292969,
  "summary_csf_mean": 422.9350891113281,
  "summary_csf_median": 403.1822509765625,
  "summary_csf_n": 28978.0,
  "summary_csf_p05": 276.10777282714844,
  "summary_csf_p95": 619.0497161865234,
  "summary_csf_stdv": 114.85802459716797,
  "summary_gm_k": 0.13607623441315297,
  "summary_gm_mad": 57.21284484863281,
  "summary_gm_mean": 794.4554443359375,
  "summary_gm_median": 793.3765869140625,
  "summary_gm_n": 19901.0,
  "summary_gm_p05": 698.9738159179688,
  "summary_gm_p95": 893.360107421875,
  "summary_gm_stdv": 58.72377395629883,
  "summary_wm_k": 0.307468637281763,
  "summary_wm_mad": 46.56351852416992,
  "summary_wm_mean": 1000.1858520507812,
  "summary_wm_median": 1000.023681640625,
  "summary_wm_n": 267546.0,
  "summary_wm_p05": 920.5499572753906,
  "summary_wm_p95": 1079.9505004882812,
  "summary_wm_stdv": 48.393733978271484,
  "tpm_overlap_csf": 0.23502865433692932,
  "tpm_overlap_gm": 0.5011488199234009,
  "tpm_overlap_wm": 0.5567195415496826,
  "wm2max": 0.4282000636338951
}