{
  "bids_meta": {
    "modality": "T1w",
    "subject_id": "04"
  },
  "cjv": 0.48662192778627694,
  "cnr": 2.676911894930731,
  "efc": 0.48244544397787237,
  "fber": 3972.189208984375,
  "fwhm_avg": 3.9207937936008483,
  "fwhm_x": 3.9022960474692123,
  "fwhm_y": 3.765514666666667,
  "fwhm_z": 4.094570666666667,
  "icvs_csf": 0.19574878796895853,
  "icvs_gm": 0.4112369780498355,
  "icvs_wm": 0.393014233981206,
  "inu_med": 0.8214731216430664,
  "inu_range": 0.2780898451805116,
  "provenance": {
    "md5sum": "18876a24166d480ef20e5c9768dadcbb",
    "settings": {
      "testing": false
    },
    "software": "mriqc",
    "version": "0.10.0",
    "warnings": {
      "large_rot_frame": true,
      "small_air_mask": false
    }
  },
  "qi_1": 0.0,
  "qi_2": 0.04224849508676956,
  "rpve_csf": 28.69776809691472,
  "rpve_gm": 14.31176224516019,
  "rpve_wm": 17.70670854905028,
  "size_x": 192,
  "size_y": 256,
  "size_z": 256,
  "snr_csf": 3.2049821202924362,
  "snr_gm": 12.179945823184163,
  "snr_total": 12.812543097276006,
  "snr_wm": 23.052701348351423,
  "snrd_csf": 34.14373414435111,
  "snrd_gm": 60.92010151379656,
  "snrd_total": 57.40448578016997,
  "snrd_wm": 77.14962168236222,
  "spacing_x": 0.9999984502792358,
  "spacing_y": 0.9375,
  "spacing_z": 0.9375,
  "summary_bg_k": 5.3816481328197945,
  "summary_bg_mad": 8.492093086242676,
  "summary_bg_mean": 11.642721176147461,
  "summary_bg_median": 9.711621284484863,
  "summary_bg_n": 4636025.0,
  "summary_bg_p05": 0.0,
  "summary_bg_p95": 29.90720710754394,
  "summary_bg_stdv": 9.540672302246094,
  "summary_csf_k": -0.06874044303284643,
  "summary_csf_mad": 158.90444946289062,
  "summary_csf_mean": 468.88592529296875,
  "summary_csf_median": 442.5823059082031,
  "summary_csf_n": 28536.0,
  "summary_csf_p05": 283.828857421875,
  "summary_csf_p95": 701.4846649169922,
  "summary_csf_stdv": 138.0895538330078,
  "summary_gm_k": 0.6569471153257225,
  "summary_gm_mad": 61.07024383544922,
  "summary_gm_mean": 791.4754638671875,
  "summary_gm_median": 789.6663818359375,
  "summary_gm_n": 19094.0,
  "summary_gm_p05": 689.4169921875,
  "summary_gm_p95": 900.9311859130859,
  "summary_gm_stdv": 64.83162689208984,
  "summary_wm_k": 0.4781193543042215,
  "summary_wm_mad": 41.30156707763672,
  "summary_wm_mean": 1000.4058837890625,
  "summary_wm_median": 1000.0387573242188,
  "summary_wm_n": 239995.0,
  "summary_wm_p05": 929.6544982910157,
  "summary_wm_p95": 1071.7545532226563,
  "summary_wm_stdv": 43.380455017089844,
  "tpm_overlap_csf": 0.2296006679534912,
  "tpm_overlap_gm": 0.4983246922492981,
  "tpm_overlap_wm": 0.5676746964454651,
  "wm2max": 0.5306971105249675
}