{
  "aor": 0.0015488076923076924,
  "aqi": 0.02156434346153846,
  "bids_meta": {
    "EchoTime": 0.03,
    "EffectiveEchoSpacing": 0.000390006,
    "FlipAngle": 90,
    "ImageType": [
      "ORIGINAL",
      "PRIMARY",
      "M",
      "ND",
      "NORM",
      "MOS"
    ],
    "MagneticFieldStrength": 3,
    "Manufacturer": "Siemens",
    "ManufacturersModelName": "TrioTim",
    "PhaseEncodingDirection": "j-",
    "PulseSequenceType": "Gradient Echo EPI",
    "RepetitionTime": 2.5,
    "SliceTiming": [
      0,
      1.285,
      0.0625,
      1.35,
      0.1275,
      1.415,
      0.1925,
      1.48,
      0.2575,
      1.5425,
      0.32,
      1.6075,
      0.385,
      1.6725,
      0.45,
      1.7375,
      0.515,
      1.8,
      0.5775,
      1.865,
      0.6425,
      1.93,
      0.7075,
      1.995,
      0.7725,
      2.0575,
      0.835,
      2.1225,
      0.9,
      2.1875,
      0.965,
      2.2525,
      1.03,
      2.315,
      1.0925,
      2.38,
      1.1575,
      2.445,
      1.2225
    ],
    "TaskName": "Experimental Run 3",
    "modality": "bold",
    "subject_id": "15",
    "task_id": "run3"
  },
  "dummy_trs": 0,
  "dvars_nstd": 45.596231541814674,
  "dvars_std": 1.097943211081081,
  "dvars_vstd": 1.0007202702316607,
  "efc": 0.6059070402663057,
  "fber": 736.5694580078125,
  "fd_mean": 0.17913296517021807,
  "fd_num": 62,
  "fd_perc": 23.846153846153847,
  "fwhm_avg": 2.6417,
  "fwhm_x": 2.62303,
  "fwhm_y": 3.21422,
  "fwhm_z": 2.08785,
  "gcor": 0.00951714,
  "gsr_x": 0.0012958876322954893,
  "gsr_y": 0.031415604054927826,
  "provenance": {
    "md5sum": "a49d6b2878cb13a0fc2242684425e4bf",
    "settings": {
      "fd_thres": 0.2,
      "hmc_fsl": false
    },
    "software": "mriqc",
    "version": "0.10.0"
  },
  "size_t": 260,
  "size_x": 96,
  "size_y": 96,
  "size_z": 39,
  "snr": 5.023965333057062,
  "spacing_tr": 2.5,
  "spacing_x": 2.0,
  "spacing_y": 2.0,
  "spacing_z": 3.0,
  "summary_bg_k": 37.86091527843013,
  "summary_bg_mad": 8.6846284866333,
  "summary_bg_mean": 28.593185424804688,
  "summary_bg_median": 16.75,
  "summary_bg_n": 180614.0,
  "summary_bg_p05": 8.269230842590332,
  "summary_bg_p95": 85.25269165039067,
  "summary_bg_stdv": 40.65357208251953,
  "summary_fg_k": 2.5409827542911163,
  "summary_fg_mad": 82.07914733886719,
  "summary_fg_mean": 481.5511474609375,
  "summary_fg_median": 482.45770263671875,
  "summary_fg_n": 112730.0,
  "summary_fg_p05": 331.33251037597654,
  "summary_fg_p95": 620.7690338134762,
  "summary_fg_stdv": 96.03083038330078,
  "tsnr": 31.379316329956055
}