{
  "aor": 0.0007034615384615385,
  "aqi": 0.02561536,
  "bids_meta": {
    "EchoTime": 0.03,
    "EffectiveEchoSpacing": 0.000370002,
    "FlipAngle": 90,
    "ImageType": [
      "ORIGINAL",
      "PRIMARY",
      "M",
      "ND",
      "NORM",
      "MOS"
    ],
    "MagneticFieldStrength": 3,
    "Manufacturer": "Siemens",
    "ManufacturersModelName": "TrioTim",
    "PhaseEncodingDirection": "j-",
    "PulseSequenceType": "Gradient Echo EPI",
    "RepetitionTime": 2.5,
    "SliceTiming": [
      0,
      1.2875,
      0.065,
      1.3525,
      0.13,
      1.415,
      0.1925,
      1.48,
      0.2575,
      1.545,
      0.3225,
      1.61,
      0.3875,
      1.6725,
      0.45,
      1.7375,
      0.515,
      1.8025,
      0.58,
      1.8675,
      0.645,
      1.93,
      0.7075,
      1.995,
      0.7725,
      2.06,
      0.8375,
      2.125,
      0.9025,
      2.1875,
      0.965,
      2.2525,
      1.03,
      2.3175,
      1.095,
      2.3825,
      1.1575,
      2.445,
      1.2225
    ],
    "TaskName": "Experimental Run 2",
    "modality": "bold",
    "subject_id": "13",
    "task_id": "run2"
  },
  "dummy_trs": 0,
  "dvars_nstd": 56.679532481853286,
  "dvars_std": 1.109933263320463,
  "dvars_vstd": 1.001126782393822,
  "efc": 0.5877725634689164,
  "fber": 431.5910339355469,
  "fd_mean": 0.19077709944759091,
  "fd_num": 85,
  "fd_perc": 32.69230769230769,
  "fwhm_avg": 2.6186100564331523,
  "fwhm_x": 2.69214,
  "fwhm_y": 3.03341,
  "fwhm_z": 2.130280169299457,
  "gcor": 0.0124799,
  "gsr_x": 0.0020387242548167706,
  "gsr_y": 0.011202825233340263,
  "provenance": {
    "md5sum": "b0ac7cd30b2e9d2c24c9a12781bc951a",
    "settings": {
      "fd_thres": 0.2,
      "hmc_fsl": false
    },
    "software": "mriqc",
    "version": "0.10.0"
  },
  "size_t": 260,
  "size_x": 96,
  "size_y": 96,
  "size_z": 39,
  "snr": 4.998326276138199,
  "spacing_tr": 2.5,
  "spacing_x": 2.0,
  "spacing_y": 2.0,
  "spacing_z": 2.999999761581421,
  "summary_bg_k": 32.209996320900544,
  "summary_bg_mad": 8.878507614135742,
  "summary_bg_mean": 25.46745491027832,
  "summary_bg_median": 18.36153793334961,
  "summary_bg_n": 195962.0,
  "summary_bg_p05": 9.819231033325195,
  "summary_bg_p95": 59.08076858520508,
  "summary_bg_stdv": 26.900659561157227,
  "summary_fg_k": 2.316401367848349,
  "summary_fg_mad": 70.33238983154297,
  "summary_fg_mean": 401.236083984375,
  "summary_fg_median": 403.51922607421875,
  "summary_fg_n": 98855.0,
  "summary_fg_p05": 272.23346557617185,
  "summary_fg_p95": 517.695782470703,
  "summary_fg_stdv": 80.73046112060547,
  "tsnr": 26.113069534301758
}