{
  "aor": 0.0010866923076923078,
  "aqi": 0.02495705538461538,
  "bids_meta": {
    "EchoTime": 0.03,
    "EffectiveEchoSpacing": 0.000370002,
    "FlipAngle": 90,
    "ImageType": [
      "ORIGINAL",
      "PRIMARY",
      "M",
      "ND",
      "NORM",
      "MOS"
    ],
    "MagneticFieldStrength": 3,
    "Manufacturer": "Siemens",
    "ManufacturersModelName": "TrioTim",
    "PhaseEncodingDirection": "j-",
    "PulseSequenceType": "Gradient Echo EPI",
    "RepetitionTime": 2.5,
    "SliceTiming": [
      0,
      1.285,
      0.0625,
      1.35,
      0.1275,
      1.415,
      0.1925,
      1.48,
      0.2575,
      1.5425,
      0.32,
      1.6075,
      0.385,
      1.6725,
      0.45,
      1.7375,
      0.515,
      1.8,
      0.5775,
      1.865,
      0.6425,
      1.93,
      0.7075,
      1.995,
      0.7725,
      2.0575,
      0.835,
      2.1225,
      0.9,
      2.1875,
      0.965,
      2.2525,
      1.03,
      2.315,
      1.0925,
      2.38,
      1.1575,
      2.445,
      1.2225
    ],
    "TaskName": "Experimental Run 1",
    "modality": "bold",
    "subject_id": "13",
    "task_id": "run1"
  },
  "dummy_trs": 0,
  "dvars_nstd": 55.13186264038611,
  "dvars_std": 1.119000433629343,
  "dvars_vstd": 1.0094738303088797,
  "efc": 0.5858834148696392,
  "fber": 452.1159973144531,
  "fd_mean": 0.17180611059134984,
  "fd_num": 83,
  "fd_perc": 31.923076923076923,
  "fwhm_avg": 2.6572861681488753,
  "fwhm_x": 2.741385,
  "fwhm_y": 3.07737,
  "fwhm_z": 2.153103504446626,
  "gcor": 0.00842912,
  "gsr_x": 0.0028014786075800657,
  "gsr_y": 0.010883957147598267,
  "provenance": {
    "md5sum": "5c07ea4e5b345d692b7268557d0f9d83",
    "settings": {
      "fd_thres": 0.2,
      "hmc_fsl": false
    },
    "software": "mriqc",
    "version": "0.10.0"
  },
  "size_t": 260,
  "size_x": 96,
  "size_y": 96,
  "size_z": 39,
  "snr": 4.899433905378671,
  "spacing_tr": 2.5,
  "spacing_x": 2.0,
  "spacing_y": 2.0,
  "spacing_z": 2.999999761581421,
  "summary_bg_k": 32.53652606329728,
  "summary_bg_mad": 8.696033477783203,
  "summary_bg_mean": 24.91139793395996,
  "summary_bg_median": 17.91538429260254,
  "summary_bg_n": 195697.0,
  "summary_bg_p05": 9.584615707397461,
  "summary_bg_p95": 57.277693176269466,
  "summary_bg_stdv": 26.503700256347656,
  "summary_fg_k": 2.4653576768861276,
  "summary_fg_mad": 70.44930267333984,
  "summary_fg_mean": 400.9537353515625,
  "summary_fg_median": 404.0634765625,
  "summary_fg_n": 99260.0,
  "summary_fg_p05": 267.6026977539063,
  "summary_fg_p95": 518.234619140625,
  "summary_fg_stdv": 82.4710464477539,
  "tsnr": 26.474842071533203
}