{
  "aor": 0.0019492307692307689,
  "aqi": 0.027969634615384615,
  "bids_meta": {
    "EchoTime": 0.03,
    "EffectiveEchoSpacing": 0.000390006,
    "FlipAngle": 90,
    "ImageType": [
      "ORIGINAL",
      "PRIMARY",
      "M",
      "ND",
      "NORM",
      "MOS"
    ],
    "MagneticFieldStrength": 3,
    "Manufacturer": "Siemens",
    "ManufacturersModelName": "TrioTim",
    "PhaseEncodingDirection": "j-",
    "PulseSequenceType": "Gradient Echo EPI",
    "RepetitionTime": 2.5,
    "SliceTiming": [
      0,
      1.2875,
      0.065,
      1.3525,
      0.1275,
      1.415,
      0.1925,
      1.48,
      0.2575,
      1.545,
      0.3225,
      1.6075,
      0.385,
      1.6725,
      0.45,
      1.7375,
      0.515,
      1.8025,
      0.58,
      1.865,
      0.6425,
      1.93,
      0.7075,
      1.995,
      0.7725,
      2.06,
      0.8375,
      2.1225,
      0.9,
      2.1875,
      0.965,
      2.2525,
      1.03,
      2.3175,
      1.095,
      2.38,
      1.1575,
      2.445,
      1.2225
    ],
    "TaskName": "Experimental Run 1",
    "modality": "bold",
    "subject_id": "16",
    "task_id": "run1"
  },
  "dummy_trs": 0,
  "dvars_nstd": 42.19443559092663,
  "dvars_std": 1.0535480957915067,
  "dvars_vstd": 1.005491475250965,
  "efc": 0.5739629075818704,
  "fber": 898.0213012695312,
  "fd_mean": 0.19206523522548846,
  "fd_num": 69,
  "fd_perc": 26.53846153846154,
  "fwhm_avg": 2.6583460548709987,
  "fwhm_x": 2.73651,
  "fwhm_y": 3.115535,
  "fwhm_z": 2.1229931646129954,
  "gcor": 0.00258795,
  "gsr_x": 0.0013644747668877244,
  "gsr_y": 0.022533530369400978,
  "provenance": {
    "md5sum": "6a3a6e88024e5a3b9ae8d7a2a681410a",
    "settings": {
      "fd_thres": 0.2,
      "hmc_fsl": false
    },
    "software": "mriqc",
    "version": "0.10.0"
  },
  "size_t": 260,
  "size_x": 96,
  "size_y": 96,
  "size_z": 39,
  "snr": 5.145809400278248,
  "spacing_tr": 2.5,
  "spacing_x": 2.0,
  "spacing_y": 2.0,
  "spacing_z": 3.000000238418579,
  "summary_bg_k": 40.42758434129444,
  "summary_bg_mad": 6.956827163696289,
  "summary_bg_mean": 23.676063537597656,
  "summary_bg_median": 15.84615421295166,
  "summary_bg_n": 193749.0,
  "summary_bg_p05": 9.361538887023926,
  "summary_bg_p95": 63.74615478515625,
  "summary_bg_stdv": 26.212759017944336,
  "summary_fg_k": 2.6058774272620298,
  "summary_fg_mad": 75.49580383300781,
  "summary_fg_mean": 490.78759765625,
  "summary_fg_median": 492.2942199707031,
  "summary_fg_n": 101822.0,
  "summary_fg_p05": 331.7774932861328,
  "summary_fg_p95": 635.2450012207031,
  "summary_fg_stdv": 95.66848754882812,
  "tsnr": 30.246580123901367
}