{
  "aor": 0.0003815,
  "aqi": 0.026827951923076923,
  "bids_meta": {
    "EchoTime": 0.03,
    "EffectiveEchoSpacing": 0.000370002,
    "FlipAngle": 90,
    "ImageType": [
      "ORIGINAL",
      "PRIMARY",
      "M",
      "ND",
      "NORM",
      "MOS"
    ],
    "MagneticFieldStrength": 3,
    "Manufacturer": "Siemens",
    "ManufacturersModelName": "TrioTim",
    "PhaseEncodingDirection": "j-",
    "PulseSequenceType": "Gradient Echo EPI",
    "RepetitionTime": 2.5,
    "SliceTiming": [
      0,
      1.2875,
      0.065,
      1.35,
      0.1275,
      1.415,
      0.1925,
      1.48,
      0.2575,
      1.545,
      0.3225,
      1.6075,
      0.385,
      1.6725,
      0.45,
      1.7375,
      0.515,
      1.8025,
      0.58,
      1.865,
      0.6425,
      1.93,
      0.7075,
      1.995,
      0.7725,
      2.06,
      0.835,
      2.1225,
      0.9,
      2.1875,
      0.965,
      2.2525,
      1.03,
      2.315,
      1.0925,
      2.38,
      1.1575,
      2.445,
      1.2225
    ],
    "TaskName": "Experimental Run 1",
    "modality": "bold",
    "subject_id": "09",
    "task_id": "run1"
  },
  "dummy_trs": 0,
  "dvars_nstd": 47.060307874671814,
  "dvars_std": 1.0553952509266407,
  "dvars_vstd": 0.9760784993050193,
  "efc": 0.5817212649848809,
  "fber": 594.0968627929688,
  "fd_mean": 0.1029653622115759,
  "fd_num": 29,
  "fd_perc": 11.153846153846153,
  "fwhm_avg": 2.540878888888889,
  "fwhm_x": 2.573295,
  "fwhm_y": 2.955975,
  "fwhm_z": 2.093366666666667,
  "gcor": 0.00751449,
  "gsr_x": 0.0023163219448179007,
  "gsr_y": 0.028722627088427544,
  "provenance": {
    "md5sum": "437def9ba1686333f8ffee8f3ec9c669",
    "settings": {
      "fd_thres": 0.2,
      "hmc_fsl": false
    },
    "software": "mriqc",
    "version": "0.10.0"
  },
  "size_t": 260,
  "size_x": 96,
  "size_y": 96,
  "size_z": 39,
  "snr": 5.290756674390655,
  "spacing_tr": 2.5,
  "spacing_x": 2.0,
  "spacing_y": 2.0,
  "spacing_z": 3.0,
  "summary_bg_k": 39.520271425651686,
  "summary_bg_mad": 11.165135383605957,
  "summary_bg_mean": 31.606525421142578,
  "summary_bg_median": 20.623077392578125,
  "summary_bg_n": 196954.0,
  "summary_bg_p05": 10.469230651855469,
  "summary_bg_p95": 82.87346191406196,
  "summary_bg_stdv": 39.28158187866211,
  "summary_fg_k": 3.1897555167261373,
  "summary_fg_mad": 79.66421508789062,
  "summary_fg_mean": 522.1572265625,
  "summary_fg_median": 523.6923217773438,
  "summary_fg_n": 99460.0,
  "summary_fg_p05": 370.45751037597654,
  "summary_fg_p95": 668.9542419433593,
  "summary_fg_stdv": 98.98200225830078,
  "tsnr": 29.035064697265625
}