{
  "aor": 0.0010232692307692308,
  "aqi": 0.01947282923076923,
  "bids_meta": {
    "EchoTime": 0.03,
    "EffectiveEchoSpacing": 0.000390006,
    "FlipAngle": 90,
    "ImageType": [
      "ORIGINAL",
      "PRIMARY",
      "M",
      "ND",
      "NORM",
      "MOS"
    ],
    "MagneticFieldStrength": 3,
    "Manufacturer": "Siemens",
    "ManufacturersModelName": "TrioTim",
    "PhaseEncodingDirection": "j-",
    "PulseSequenceType": "Gradient Echo EPI",
    "RepetitionTime": 2.5,
    "SliceTiming": [
      0,
      1.2875,
      0.065,
      1.35,
      0.1275,
      1.415,
      0.1925,
      1.48,
      0.2575,
      1.545,
      0.3225,
      1.6075,
      0.385,
      1.6725,
      0.45,
      1.7375,
      0.515,
      1.8025,
      0.5775,
      1.865,
      0.6425,
      1.93,
      0.7075,
      1.995,
      0.7725,
      2.0575,
      0.835,
      2.1225,
      0.9,
      2.1875,
      0.965,
      2.2525,
      1.03,
      2.315,
      1.0925,
      2.38,
      1.1575,
      2.445,
      1.2225
    ],
    "TaskName": "Experimental Run 3",
    "modality": "bold",
    "subject_id": "17",
    "task_id": "run3"
  },
  "dummy_trs": 0,
  "dvars_nstd": 41.21710013598455,
  "dvars_std": 1.049712174478765,
  "dvars_vstd": 0.9987228303861004,
  "efc": 0.5822483063742316,
  "fber": 863.9046020507812,
  "fd_mean": 0.07516882828835561,
  "fd_num": 9,
  "fd_perc": 3.4615384615384617,
  "fwhm_avg": 2.6460866666666667,
  "fwhm_x": 2.58709,
  "fwhm_y": 3.2022,
  "fwhm_z": 2.14897,
  "gcor": 0.0123694,
  "gsr_x": 0.003814693307504058,
  "gsr_y": 0.04209234565496445,
  "provenance": {
    "md5sum": "9b7729e48bd5ec75ca2b5309d36a6702",
    "settings": {
      "fd_thres": 0.2,
      "hmc_fsl": false
    },
    "software": "mriqc",
    "version": "0.10.0"
  },
  "size_t": 260,
  "size_x": 96,
  "size_y": 96,
  "size_z": 39,
  "snr": 5.165892163478273,
  "spacing_tr": 2.5,
  "spacing_x": 2.0,
  "spacing_y": 2.0,
  "spacing_z": 3.0,
  "summary_bg_k": 30.846703571410913,
  "summary_bg_mad": 5.143489360809326,
  "summary_bg_mean": 16.13861656188965,
  "summary_bg_median": 10.111538887023926,
  "summary_bg_n": 193630.0,
  "summary_bg_p05": 5.442307472229004,
  "summary_bg_p95": 43.786729431152295,
  "summary_bg_stdv": 19.800243377685547,
  "summary_fg_k": 2.1037960795129287,
  "summary_fg_mad": 48.378448486328125,
  "summary_fg_mean": 310.6973876953125,
  "summary_fg_median": 308.1192321777344,
  "summary_fg_n": 103847.0,
  "summary_fg_p05": 219.3292266845703,
  "summary_fg_p95": 412.28999023437495,
  "summary_fg_stdv": 59.64463424682617,
  "tsnr": 32.936187744140625
}