{
  "aor": 0.0004300769230769231,
  "aqi": 0.02194032423076923,
  "bids_meta": {
    "EchoTime": 0.03,
    "EffectiveEchoSpacing": 0.000370002,
    "FlipAngle": 90,
    "ImageType": [
      "ORIGINAL",
      "PRIMARY",
      "M",
      "ND",
      "NORM",
      "MOS"
    ],
    "MagneticFieldStrength": 3,
    "Manufacturer": "Siemens",
    "ManufacturersModelName": "TrioTim",
    "PhaseEncodingDirection": "j-",
    "PulseSequenceType": "Gradient Echo EPI",
    "RepetitionTime": 2.5,
    "SliceTiming": [
      0,
      1.2875,
      0.065,
      1.3525,
      0.13,
      1.4175,
      0.195,
      1.48,
      0.2575,
      1.545,
      0.3225,
      1.61,
      0.3875,
      1.675,
      0.45,
      1.7375,
      0.515,
      1.8025,
      0.58,
      1.8675,
      0.645,
      1.93,
      0.7075,
      1.995,
      0.7725,
      2.06,
      0.8375,
      2.125,
      0.9025,
      2.1875,
      0.965,
      2.2525,
      1.03,
      2.3175,
      1.095,
      2.3825,
      1.16,
      2.445,
      1.2225
    ],
    "TaskName": "Experimental Run 1",
    "modality": "bold",
    "subject_id": "06",
    "task_id": "run1"
  },
  "dummy_trs": 0,
  "dvars_nstd": 46.88713925050191,
  "dvars_std": 1.0895942577992277,
  "dvars_vstd": 1.0014803862548265,
  "efc": 0.5899897281636195,
  "fber": 591.5303955078125,
  "fd_mean": 0.11244104587738726,
  "fd_num": 12,
  "fd_perc": 4.615384615384615,
  "fwhm_avg": 2.495546111111111,
  "fwhm_x": 2.493445,
  "fwhm_y": 2.94386,
  "fwhm_z": 2.0493333333333332,
  "gcor": 0.0115747,
  "gsr_x": -0.0025108137633651495,
  "gsr_y": 0.031131906434893608,
  "provenance": {
    "md5sum": "bdfac2399fc11044508de7b3f659bb3d",
    "settings": {
      "fd_thres": 0.2,
      "hmc_fsl": false
    },
    "software": "mriqc",
    "version": "0.10.0"
  },
  "size_t": 260,
  "size_x": 96,
  "size_y": 96,
  "size_z": 39,
  "snr": 5.3813801493595905,
  "spacing_tr": 2.5,
  "spacing_x": 2.0,
  "spacing_y": 2.0,
  "spacing_z": 3.0,
  "summary_bg_k": 68.63823638812346,
  "summary_bg_mad": 9.24915599822998,
  "summary_bg_mean": 27.339445114135742,
  "summary_bg_median": 18.47307777404785,
  "summary_bg_n": 192226.0,
  "summary_bg_p05": 9.69615364074707,
  "summary_bg_p95": 67.35961723327637,
  "summary_bg_stdv": 35.16216278076172,
  "summary_fg_k": 2.907175614322929,
  "summary_fg_mad": 73.01815795898438,
  "summary_fg_mean": 468.76666259765625,
  "summary_fg_median": 468.984619140625,
  "summary_fg_n": 103863.0,
  "summary_fg_p05": 334.0196105957031,
  "summary_fg_p95": 599.3846435546875,
  "summary_fg_stdv": 87.14908599853516,
  "tsnr": 31.970523834228516
}