{
  "bids_meta": {
    "modality": "T1w",
    "subject_id": "15"
  },
  "cjv": 0.4163895844716853,
  "cnr": 3.170764649550809,
  "efc": 0.5071989942265447,
  "fber": 4375.19482421875,
  "fwhm_avg": 3.997653619447721,
  "fwhm_x": 3.9110088583431613,
  "fwhm_y": 3.94512,
  "fwhm_z": 4.136832,
  "icvs_csf": 0.19674227719788273,
  "icvs_gm": 0.41688434274281616,
  "icvs_wm": 0.3863733800593011,
  "inu_med": 0.9400269985198975,
  "inu_range": 0.2931924521923065,
  "provenance": {
    "md5sum": "dd7a2e488eabc818e0deab65b2fec0af",
    "settings": {
      "testing": false
    },
    "software": "mriqc",
    "version": "0.10.0",
    "warnings": {
      "large_rot_frame": true,
      "small_air_mask": false
    }
  },
  "qi_1": 0.0,
  "qi_2": 0.0595278848429861,
  "rpve_csf": 24.708136205610398,
  "rpve_gm": 12.212041908040062,
  "rpve_wm": 15.564054579049605,
  "size_x": 192,
  "size_y": 256,
  "size_z": 256,
  "snr_csf": 3.6412897853286577,
  "snr_gm": 12.439296531879606,
  "snr_total": 13.059067949187353,
  "snr_wm": 23.096617530353797,
  "snrd_csf": 44.996688856792176,
  "snrd_gm": 80.67424550151262,
  "snrd_total": 77.24462589531512,
  "snrd_wm": 106.06294332764057,
  "spacing_x": 0.9999977350234985,
  "spacing_y": 0.9375,
  "spacing_z": 0.9375,
  "summary_bg_k": 5.314710421646998,
  "summary_bg_mad": 6.176973342895508,
  "summary_bg_mean": 10.157085418701172,
  "summary_bg_median": 7.721546173095703,
  "summary_bg_n": 4331992.0,
  "summary_bg_p05": 0.0,
  "summary_bg_p95": 27.872758197784403,
  "summary_bg_stdv": 9.274593353271484,
  "summary_csf_k": -0.7293438836320356,
  "summary_csf_mad": 137.3212890625,
  "summary_csf_mean": 439.3504638671875,
  "summary_csf_median": 424.2526550292969,
  "summary_csf_n": 34858.0,
  "summary_csf_p05": 277.6689712524414,
  "summary_csf_p95": 637.6584411621093,
  "summary_csf_stdv": 116.50997161865234,
  "summary_gm_k": 0.4724231541209596,
  "summary_gm_mad": 58.09237289428711,
  "summary_gm_mean": 763.1758422851562,
  "summary_gm_median": 760.6395874023438,
  "summary_gm_n": 19380.0,
  "summary_gm_p05": 666.4274597167969,
  "summary_gm_p95": 866.8976013183594,
  "summary_gm_stdv": 61.146541595458984,
  "summary_wm_k": 0.4147966171335433,
  "summary_wm_mad": 41.58218002319336,
  "summary_wm_mean": 1000.746826171875,
  "summary_wm_median": 1000.0177001953125,
  "summary_wm_n": 271063.0,
  "summary_wm_p05": 930.9625610351562,
  "summary_wm_p95": 1072.8381469726562,
  "summary_wm_stdv": 43.29706954956055,
  "tpm_overlap_csf": 0.23245802521705627,
  "tpm_overlap_gm": 0.5058190822601318,
  "tpm_overlap_wm": 0.558905839920044,
  "wm2max": 0.46426229317601536
}