{
  "bids_meta": {
    "modality": "T1w",
    "subject_id": "02"
  },
  "cjv": 0.5332044680182615,
  "cnr": 2.559030262001044,
  "efc": 0.4739906005681132,
  "fber": 3143.006103515625,
  "fwhm_avg": 3.7964338499416432,
  "fwhm_x": 3.740288216491596,
  "fwhm_y": 3.722656,
  "fwhm_z": 3.9263573333333333,
  "icvs_csf": 0.204760831441205,
  "icvs_gm": 0.4223056191910709,
  "icvs_wm": 0.3729335493677241,
  "inu_med": 0.9593579769134521,
  "inu_range": 0.340395525097847,
  "provenance": {
    "md5sum": "51bdb296c411ae5b65f9d2ce287c9498",
    "settings": {
      "testing": false
    },
    "software": "mriqc",
    "version": "0.10.0",
    "warnings": {
      "large_rot_frame": true,
      "small_air_mask": false
    }
  },
  "qi_1": 0.0,
  "qi_2": 0.06520215845267001,
  "rpve_csf": 29.685916362082878,
  "rpve_gm": 14.825190863377857,
  "rpve_wm": 19.30997031788143,
  "size_x": 192,
  "size_y": 256,
  "size_z": 256,
  "snr_csf": 3.61228545595737,
  "snr_gm": 12.738397281314866,
  "snr_total": 11.547957521925563,
  "snr_wm": 18.293189828504453,
  "snrd_csf": 33.373751118922925,
  "snrd_gm": 62.08431220379952,
  "snrd_total": 58.118795226475044,
  "snrd_wm": 78.89832235670268,
  "spacing_x": 1.0000004768371582,
  "spacing_y": 0.9375,
  "spacing_z": 0.9375,
  "summary_bg_k": 4.743692638843628,
  "summary_bg_mad": 8.303874015808105,
  "summary_bg_mean": 13.185142517089844,
  "summary_bg_median": 10.545947074890137,
  "summary_bg_n": 4842120.0,
  "summary_bg_p05": 0.0,
  "summary_bg_p95": 35.32219429016112,
  "summary_bg_stdv": 11.455387115478516,
  "summary_csf_k": -0.34377376621737454,
  "summary_csf_mad": 126.08521270751953,
  "summary_csf_mean": 441.7707214355469,
  "summary_csf_median": 423.0133361816406,
  "summary_csf_n": 30955.0,
  "summary_csf_p05": 282.9510894775391,
  "summary_csf_p95": 650.0766906738281,
  "summary_csf_stdv": 117.10218048095703,
  "summary_gm_k": 0.28152518939024507,
  "summary_gm_mad": 61.15869903564453,
  "summary_gm_mean": 787.42529296875,
  "summary_gm_median": 786.9205932617188,
  "summary_gm_n": 16029.0,
  "summary_gm_p05": 687.1236572265625,
  "summary_gm_p95": 888.5255126953124,
  "summary_gm_stdv": 61.77355194091797,
  "summary_wm_k": 0.4240669682535878,
  "summary_wm_mad": 52.47682571411133,
  "summary_wm_mean": 1002.0225219726562,
  "summary_wm_median": 1000.0386962890625,
  "summary_wm_n": 198526.0,
  "summary_wm_p05": 915.6265411376953,
  "summary_wm_p95": 1094.8484191894531,
  "summary_wm_stdv": 54.66712951660156,
  "tpm_overlap_csf": 0.24249190092086792,
  "tpm_overlap_gm": 0.499053031206131,
  "tpm_overlap_wm": 0.5512232780456543,
  "wm2max": 0.43587974599929313
}