{
  "aor": 0.0013167692307692307,
  "aqi": 0.021285522307692307,
  "bids_meta": {
    "EchoTime": 0.03,
    "EffectiveEchoSpacing": 0.000390006,
    "FlipAngle": 90,
    "ImageType": [
      "ORIGINAL",
      "PRIMARY",
      "M",
      "ND",
      "NORM",
      "MOS"
    ],
    "MagneticFieldStrength": 3,
    "Manufacturer": "Siemens",
    "ManufacturersModelName": "TrioTim",
    "PhaseEncodingDirection": "j-",
    "PulseSequenceType": "Gradient Echo EPI",
    "RepetitionTime": 2.5,
    "SliceTiming": [
      0,
      1.2875,
      0.065,
      1.3525,
      0.1275,
      1.415,
      0.1925,
      1.48,
      0.2575,
      1.545,
      0.3225,
      1.6075,
      0.385,
      1.6725,
      0.45,
      1.7375,
      0.515,
      1.8025,
      0.58,
      1.865,
      0.6425,
      1.93,
      0.7075,
      1.995,
      0.7725,
      2.06,
      0.8375,
      2.1225,
      0.9,
      2.1875,
      0.965,
      2.2525,
      1.03,
      2.3175,
      1.095,
      2.38,
      1.1575,
      2.445,
      1.2225
    ],
    "TaskName": "Experimental Run 4",
    "modality": "bold",
    "subject_id": "20",
    "task_id": "run4"
  },
  "dummy_trs": 0,
  "dvars_nstd": 48.16096285988414,
  "dvars_std": 1.1324089601158305,
  "dvars_vstd": 0.9999638666023171,
  "efc": 0.5515812208252878,
  "fber": 779.4224853515625,
  "fd_mean": 0.19351474514110553,
  "fd_num": 87,
  "fd_perc": 33.46153846153846,
  "fwhm_avg": 2.560303280043341,
  "fwhm_x": 2.637165,
  "fwhm_y": 3.032115,
  "fwhm_z": 2.011629840130024,
  "gcor": 0.00738543,
  "gsr_x": -0.008706307038664818,
  "gsr_y": 0.020606443285942078,
  "provenance": {
    "md5sum": "06e76d2ad8b763c0da2bd9ea092191a1",
    "settings": {
      "fd_thres": 0.2,
      "hmc_fsl": false
    },
    "software": "mriqc",
    "version": "0.10.0"
  },
  "size_t": 260,
  "size_x": 96,
  "size_y": 96,
  "size_z": 39,
  "snr": 4.904220439413671,
  "spacing_tr": 2.5,
  "spacing_x": 2.0,
  "spacing_y": 2.0,
  "spacing_z": 3.000000238418579,
  "summary_bg_k": 70.69751144433775,
  "summary_bg_mad": 6.124287128448486,
  "summary_bg_mean": 19.2420597076416,
  "summary_bg_median": 12.203845977783203,
  "summary_bg_n": 208760.0,
  "summary_bg_p05": 6.603846073150635,
  "summary_bg_p95": 45.32307815551758,
  "summary_bg_stdv": 25.825847625732422,
  "summary_fg_k": 3.146427857946371,
  "summary_fg_mad": 54.211944580078125,
  "summary_fg_mean": 355.1895446777344,
  "summary_fg_median": 356.3923034667969,
  "summary_fg_n": 88459.0,
  "summary_fg_p05": 233.87230834960937,
  "summary_fg_p95": 461.7730712890625,
  "summary_fg_stdv": 72.67012023925781,
  "tsnr": 33.024871826171875
}