{
  "bids_meta": {
    "modality": "T1w",
    "subject_id": "08"
  },
  "cjv": 0.6510015683882044,
  "cnr": 2.1399689462396214,
  "efc": 0.4649423513395855,
  "fber": 4181.6513671875,
  "fwhm_avg": 3.7034121988095996,
  "fwhm_x": 3.684625929762131,
  "fwhm_y": 3.576010666666667,
  "fwhm_z": 3.8496,
  "icvs_csf": 0.20352278784135136,
  "icvs_gm": 0.43701991087345554,
  "icvs_wm": 0.3594573012851931,
  "inu_med": 1.0329943895339966,
  "inu_range": 0.365168333053589,
  "provenance": {
    "md5sum": "9325be57fd4fd915001a6eb319de2c65",
    "settings": {
      "testing": false
    },
    "software": "mriqc",
    "version": "0.10.0",
    "warnings": {
      "large_rot_frame": true,
      "small_air_mask": false
    }
  },
  "qi_1": 0.0,
  "qi_2": 0.016157590035606496,
  "rpve_csf": 33.69692947979368,
  "rpve_gm": 16.30589066448562,
  "rpve_wm": 22.276454135713394,
  "size_x": 192,
  "size_y": 256,
  "size_z": 256,
  "snr_csf": 3.5885165017973675,
  "snr_gm": 13.67388174643302,
  "snr_total": 11.436625291034526,
  "snr_wm": 17.04747762487319,
  "snrd_csf": 35.81657856063196,
  "snrd_gm": 67.51165650863358,
  "snrd_total": 61.915748734701104,
  "snrd_wm": 82.41901113483777,
  "spacing_x": 0.9999983906745911,
  "spacing_y": 0.9375,
  "spacing_z": 0.9375,
  "summary_bg_k": 8.120007338412679,
  "summary_bg_mad": 7.9492058753967285,
  "summary_bg_mean": 12.27003002166748,
  "summary_bg_median": 9.279297828674316,
  "summary_bg_n": 5111675.0,
  "summary_bg_p05": 0.0,
  "summary_bg_p95": 32.38225517272949,
  "summary_bg_stdv": 10.70663833618164,
  "summary_csf_k": 7.605954930601603,
  "summary_csf_mad": 114.68598937988281,
  "summary_csf_mean": 459.3811340332031,
  "summary_csf_median": 434.5863952636719,
  "summary_csf_n": 22622.0,
  "summary_csf_p05": 303.3740234375,
  "summary_csf_p95": 673.2459838867188,
  "summary_csf_stdv": 121.1020736694336,
  "summary_gm_k": 0.21597653201678924,
  "summary_gm_mad": 58.62400817871094,
  "summary_gm_mean": 818.6720581054688,
  "summary_gm_median": 819.1638793945312,
  "summary_gm_n": 12972.0,
  "summary_gm_p05": 717.8138214111328,
  "summary_gm_p95": 916.1397338867187,
  "summary_gm_stdv": 59.904884338378906,
  "summary_wm_k": -0.05306963097691142,
  "summary_wm_mad": 59.12971496582031,
  "summary_wm_mean": 1001.509033203125,
  "summary_wm_median": 1000.0447387695312,
  "summary_wm_n": 158411.0,
  "summary_wm_p05": 907.0342407226562,
  "summary_wm_p95": 1100.1819458007812,
  "summary_wm_stdv": 58.66214370727539,
  "tpm_overlap_csf": 0.21371936798095703,
  "tpm_overlap_gm": 0.49223634600639343,
  "tpm_overlap_wm": 0.5166712403297424,
  "wm2max": 0.41331461644131545
}