{
  "bids_meta": {
    "modality": "T1w",
    "subject_id": "06"
  },
  "cjv": 0.42618063021048147,
  "cnr": 3.1542507431181135,
  "efc": 0.47528988831265856,
  "fber": 3811.277099609375,
  "fwhm_avg": 4.093720016332894,
  "fwhm_x": 4.0022907156653496,
  "fwhm_y": 4.082304,
  "fwhm_z": 4.196565333333334,
  "icvs_csf": 0.18286422963949842,
  "icvs_gm": 0.43464048600578303,
  "icvs_wm": 0.3824952843547186,
  "inu_med": 0.8790314793586731,
  "inu_range": 0.2778730154037474,
  "provenance": {
    "md5sum": "bcbb05fb414e2e60934d4798eb32bdce",
    "settings": {
      "testing": false
    },
    "software": "mriqc",
    "version": "0.10.0",
    "warnings": {
      "large_rot_frame": true,
      "small_air_mask": false
    }
  },
  "qi_1": 0.0,
  "qi_2": 1.0,
  "rpve_csf": 29.458473623818083,
  "rpve_gm": 13.449191625850634,
  "rpve_wm": 17.43237234152428,
  "size_x": 192,
  "size_y": 256,
  "size_z": 256,
  "snr_csf": 3.6002513416232063,
  "snr_gm": 14.555675383951373,
  "snr_total": 13.726095824570374,
  "snr_wm": 23.022360748136542,
  "snrd_csf": 38.74273141073113,
  "snrd_gm": 73.20734156545333,
  "snrd_total": 68.58596994714935,
  "snrd_wm": 93.80783686526358,
  "spacing_x": 0.9999998211860657,
  "spacing_y": 0.9375,
  "spacing_z": 0.9375,
  "summary_bg_k": 4.4883324518644,
  "summary_bg_mad": 6.983925819396973,
  "summary_bg_mean": 11.18224048614502,
  "summary_bg_median": 8.733844757080078,
  "summary_bg_n": 4566768.0,
  "summary_bg_p05": 0.0,
  "summary_bg_p95": 29.018177032470682,
  "summary_bg_stdv": 9.274908065795898,
  "summary_csf_k": 0.38454024038857204,
  "summary_csf_mad": 124.04713439941406,
  "summary_csf_mean": 432.978271484375,
  "summary_csf_median": 413.0076904296875,
  "summary_csf_n": 27708.0,
  "summary_csf_p05": 281.44007415771483,
  "summary_csf_p95": 634.6960845947265,
  "summary_csf_stdv": 114.71427917480469,
  "summary_gm_k": 0.29628568507959274,
  "summary_gm_mad": 51.13679122924805,
  "summary_gm_mean": 781.2714233398438,
  "summary_gm_median": 780.4094848632812,
  "summary_gm_n": 29074.0,
  "summary_gm_p05": 695.1754943847657,
  "summary_gm_p95": 872.1931823730469,
  "summary_gm_stdv": 53.61455535888672,
  "summary_wm_k": 0.2029161818334142,
  "summary_wm_mad": 42.455326080322266,
  "summary_wm_mean": 1000.0571899414062,
  "summary_wm_median": 1000.0161743164062,
  "summary_wm_n": 243699.0,
  "summary_wm_p05": 928.7666381835938,
  "summary_wm_p95": 1071.2723510742187,
  "summary_wm_stdv": 43.4366455078125,
  "tpm_overlap_csf": 0.23747044801712036,
  "tpm_overlap_gm": 0.5232793092727661,
  "tpm_overlap_wm": 0.5705251097679138,
  "wm2max": 0.46706709430978444
}